SA1_CODE21,mean
5102101,-0.050407874
5102102,-0.066761413
5102103,-0.068755155
5102104,0.028076821
5102105,0.006782566
5102106,-0.001622958
5102107,0.021342954
5102108,-0.034701679
5102109,-0.05119652
5102110,-0.099483064
5102111,0.065615209
5102112,-0.037480822
5102113,-0.045297758
5102114,-0.029901148
5102115,-0.0303605
5102116,0.038664367
5102117,-0.039951513
5102201,-0.016797516
5102202,0.01987633
5102203,-0.034058527
5102204,0.028575074
5102205,0.02242519
5102206,0.02395687
5102207,-0.037981513
5102208,-0.009672944
5102209,-0.011108113
5102210,-0.006324597
5102211,0.034102472
5102212,-0.030470191
5102213,0.028994762
5102214,0.080689699
5102215,-0.01174265
5102216,0.042319974
5102217,-0.002760101
5102218,0.014985454
5102219,-0.036807561
5102220,-5.87E-04
5102301,0.01028069
5102302,-0.062005318
5102303,-0.081791555
5102304,-0.019971588
5102306,0.01161809
5102307,-0.041353121
5102308,0.056854541
5102309,-0.031270853
5102310,-0.066020307
5102311,0.050279287
5102312,0.002370823
5102314,0.012701059
5102315,0.014166327
5102316,0.066468128
5102317,0.064562524
5102318,-0.011559657
5102319,-0.020721351
5102320,-0.018799482
5102321,0.057864249
5102322,0.088180032
5102323,0.01955732
5102324,-0.011819153
5102325,0.02402639
5102326,-0.030160444
5102401,0.072816739
5102402,0.019016571
5102403,-0.03536701
5102404,-0.033310579
5102405,-0.016925121
5102406,-0.03607611
5102407,-0.00118975
5102408,0.005110016
5102409,0.040587913
5102410,0.052619624
5102411,0.004769733
5102412,0.016864451
5102413,-0.010505787
5102414,0.009463937
5102415,0.025819931
5102416,0.014738496
5102417,0.03709704
5102418,-0.171382641
5102419,0.022455718
5102420,0.070645512
5102421,0.057133991
5102422,-0.030293425
5102423,0.026063714
5102424,0.044840841
5102425,0.036205859
5102426,0.027149571
5102427,0.018034578
5102428,0.039372981
5102429,-0.004384956
5102430,-0.006743905
5102431,0.048175817
5102432,0.036389859
5102433,0.045239912
5102434,0.011275295
5102436,-0.015960324
5102437,-0.045589292
5102438,0.046856911
5102439,0.026678898
5102440,0.039573675
5102441,-0.068671708
5102501,0.005766024
5102503,-0.002425002
5102504,-1.49E-04
5102505,-0.015071621
5102506,-0.032790748
5102507,-0.016313243
5102508,0.044920055
5102509,0.043562683
5102510,0.018559794
5102511,0.042224034
5102512,0.027883326
5102513,7.45E-04
5102514,0.006048264
5102515,0.019463588
5102516,0.005911557
5102517,0.005227899
5102518,0.030735347
5102519,-8.57E-04
5102520,-0.025902114
5102522,0.01290185
5102523,0.020484567
5102524,0.071138006
5102525,0.014632339
5102526,0.032211642
5102601,-0.014474654
5102602,1.35E-04
5102603,0.037200255
5102604,0.016015629
5102605,0.040222911
5102606,0.011286186
5102607,0.045406541
5102608,0.024410793
5102609,0.03282282
5102611,0.013917025
5102612,0.010213945
5102613,-0.00504283
5102614,0.038061487
5102615,0.015593789
5102616,-0.023674125
5102617,0.067703165
5102705,0.025143385
5102706,-0.09770492
5102707,6.57E-04
5102708,-0.04153556
5102709,-0.007411143
5102710,0.02608289
5102712,0.017630564
5102713,0.074835476
5102716,0.011560312
5102717,-0.014559119
5102720,-0.007176208
5102721,0.008736154
5102722,-0.006131157
5102723,-0.009502492
5102724,0.024558592
5102725,-0.008341312
5102726,0.035080513
5102727,0.05790559
5102728,0.050735967
5102729,0.060837541
5102730,0.078192962
5102731,0.078949871
5102732,0.036640739
5102733,0.060977083
5102734,0.040085448
5102735,0.003489495
5102736,0.054531117
5102737,0.058939589
5102738,0.070300326
5102739,0.018808645
5102740,-0.05364272
5102741,-0.101478463
5102742,0.019026784
5102743,-0.022809692
5102744,0.021346301
5102745,0.03431704
5102746,0.031434921
5102747,-0.077634303
5102748,0.019465896
5102749,0.099067587
5102750,0.07127815
5102751,0.054452397
5102801,0.048499819
5102802,0.022624711
5102804,0.038486285
5102805,0.014647899
5102807,-0.009900883
5102808,0.045633949
5102809,0.047965189
5102811,0.029768663
5102812,-0.009766209
5102813,-0.030750218
5102814,0.005208528
5102815,-0.015166625
5102816,-0.00979243
5102817,0.053002769
5102818,-0.003587705
5102819,-2.50E-04
5102820,0.005301024
5102821,0.027394202
5102822,0.012923136
5102823,-0.038763564
5102824,0.009104978
5102825,0.062846643
5102826,0.017771543
5102827,-0.078411981
5102828,0.029748245
5102829,0.022651113
5102830,0.051793253
5102901,0.078421607
5102904,0.02655436
5102905,0.0725736
5102907,0.00653069
5102909,0.042268356
5102910,-0.010412139
5102912,0.045838841
5102913,0.070937774
5102914,0.030516255
5102915,0.001258105
5102916,-0.001647437
5102917,0.005811148
5102919,0.001861562
5102920,0.037173124
5102921,0.052540372
5102922,0.073502175
5102923,0.044438861
5102924,0.03591791
5102925,0.058217508
5102926,0.083590961
5102927,0.04248392
5102928,0.058200368
5102929,0.036341245
5102930,0.055463698
5102931,0.009345409
5102932,0.075051422
5103001,0.0134714
5103002,-0.019839635
5103003,-0.021276893
5103004,-0.03238645
5103005,-0.060777478
5103006,-0.06274788
5103007,-0.038392765
5103008,-0.04374348
5103009,-0.020317538
5103010,-0.033866713
5103011,-0.036817641
5103012,-0.020145025
5103013,-0.038432009
5103014,-0.014921677
5103015,-0.0478246
5103016,-0.025594348
5103017,-0.028640432
5103018,0.009813709
5103101,-0.044590612
5103102,-0.223881614
5103103,0.023211971
5103104,-0.042004271
5103105,-0.086687254
5103106,-0.019067042
5103107,-0.018221234
5103108,-0.053287819
5103109,-0.086745912
5103110,0.013080769
5103111,-0.045355712
5103112,-0.005578484
5103113,-0.036229716
5103114,-0.053521151
5103115,-0.026378295
5103116,-0.012468592
5103117,0.012439449
5103118,-0.031196088
5103119,0.005515882
5103120,0.036396848
5103121,-0.001008065
5103201,0.034154217
5103202,0.010508747
5103203,-0.016441771
5103204,-0.020435346
5103205,-0.051236245
5103206,-0.049353936
5103207,-0.0934614
5103208,-0.020593765
5103209,-0.036356337
5103210,-0.017165886
5103211,-0.021106022
5103212,-0.017164737
5103213,-0.026095308
5103214,-0.009778533
5103215,-0.028785893
5103216,-0.014253229
5103217,-0.023335279
5103218,-0.036551415
5103301,-0.030956044
5103302,-0.045391597
5103303,-0.034284673
5103304,-0.052075059
5103305,-0.043992718
5103306,-0.050235732
5103307,-0.028425446
5103308,-0.02406359
5103309,-0.040924613
5103310,-0.031093668
5103311,0.007770687
5103312,-0.021158452
5103313,-0.054128634
5103314,-0.108934216
5103315,-0.043592774
5103316,-0.025401436
5103317,-0.006850875
5103318,0.003876745
5103319,0.017266434
5103320,-0.045551321
5103321,-0.053730802
5103322,-0.034000504
5103401,-0.021301705
5103402,-0.05533583
5103403,-0.03688712
5103404,-0.053047849
5103405,-0.027353364
5103406,-8.93E-04
5103407,-0.006963705
5103408,-0.036242266
5103409,-0.050134348
5103410,-0.045411305
5103411,-0.095027575
5103412,-0.025294163
5103413,0.022938404
5103414,0.016085173
5103415,0.011787859
5103416,2.31E-04
5103417,-0.082044963
5103418,-0.069675105
5103419,-0.025895634
5103420,-0.018493652
5103421,0.001681241
5103422,-0.068885493
5103423,4.09E-04
5103424,0.007755888
5103501,-0.064213266
5103502,-0.113057394
5103503,-0.094926808
5103504,0.046107211
5103505,-0.010461179
5103506,0.014060179
5103507,-0.005789442
5103508,-0.067058866
5103509,-0.005885504
5103510,-0.065062798
5103511,-0.029515187
5103512,-0.021433827
5103513,-0.138755002
5103514,-0.029963654
5103515,-0.048327492
5103516,-0.042090389
5103517,-0.040161419
5103518,-0.088774224
5103519,-0.087911859
5103520,-0.045692069
5103521,5.45E-04
5103522,-0.034431605
5103523,-0.088642844
5103524,-0.045453368
5103525,-0.002136976
5103526,-0.008243906
5103527,-0.037979677
5103528,-0.059115046
5103529,-0.080108203
5103530,-0.02740512
5103531,-0.052879423
5103532,-0.069361319
5103533,-0.045107875
5103534,0.027571964
5103535,-0.038982904
5103536,-0.051617101
5103537,-0.018769441
5103538,-0.002290284
5103539,0.006431649
5103540,-0.045432909
5103541,-0.030728124
5103601,-0.168602441
5103602,-0.004571104
5103603,-0.002525497
5103604,0.02125733
5103605,-0.031683961
5103606,-1.39E-04
5103607,0.007085002
5103608,-0.08440044
5103609,-0.030246397
5103610,-0.103170979
5103611,-0.027532762
5103612,-0.01236314
5103613,-0.031844724
5103614,-0.016205633
5103615,-0.097120918
5103616,-0.05213033
5103617,-0.090282885
5103618,0.002892101
5103619,0.015950094
5103620,-0.038402194
5103621,-0.019386227
5103622,-0.063223123
5103623,-0.01029217
5103624,-0.01138266
5103625,-0.061478303
5103701,-0.121317625
5103801,0.05392874
5103802,-0.010939711
5103803,-0.005801941
5103804,0.057494795
5103805,0.028291523
5103806,0.015769423
5103807,0.020963259
5103808,0.037470856
5103809,0.028688031
5103810,0.033148922
5103811,-0.011794812
5103812,-0.090024947
5103813,0.021019083
5103814,0.011167091
5103815,0.026731379
5103816,0.02687341
5103817,0.037816993
5103818,0.049543736
5103819,0.020746448
5103820,0.021069425
5103821,0.048436234
5103822,0.037361603
5103823,0.031046685
5103824,0.048769415
5103825,0.053834162
5103826,0.034630722
5103827,0.053824016
5103828,0.028163645
5103901,0.013096545
5103902,0.006434205
5103903,0.025237053
5103904,-0.093380448
5103905,0.038481607
5103906,0.001966337
5103907,0.019380056
5103908,0.020549045
5103909,0.036126508
5103910,0.034630174
5103911,0.051043733
5103912,-0.007722608
5103913,-0.034016319
5103914,-0.044992147
5103915,0.019277507
5103916,-0.003680957
5103917,0.017986852
5103918,-0.010032485
5103919,-0.048718223
5103920,-0.02888097
5103921,0.003790298
5103922,0.00532297
5103923,0.00559179
5103924,0.011568502
5103925,0.039329178
5103926,0.00282906
5103927,-0.028009812
5103928,0.03692408
5103929,2.22E-04
5103930,0.055395185
5103931,0.013554111
5103932,0.046661794
5103933,0.043394103
5103934,-0.002625991
5103935,-0.018676674
5103936,0.01391143
5103937,0.00596843
5103938,0.013391572
5103939,0.017986618
5104001,0.016384642
5104002,-0.045690856
5104003,0.049646384
5104004,0.036890884
5104005,0.025911736
5104006,0.032748167
5104007,0.035907747
5104008,0.017950414
5104009,0.028029058
5104010,0.040937241
5104011,0.027966004
5104012,0.046567018
5104013,-0.00589376
5104014,0.043092373
5104015,0.028526812
5104016,0.061570554
5104017,0.058678204
5104018,-0.007206287
5104019,0.058546166
5104020,0.013993642
5104021,0.032921329
5104102,0.049878096
5104103,-0.058405655
5104104,0.020227878
5104105,0.027689348
5104106,0.085079086
5104107,0.067690041
5104113,0.031665737
5104114,0.044286804
5104115,-0.086996963
5104116,0.011416754
5104118,0.083249759
5104119,0.016707562
5104120,0.049921084
5104122,0.043125048
5104123,0.003333144
5104124,0.035677687
5104125,0.022090271
5104127,0.058796691
5104128,0.083743493
5104130,0.031305868
5104132,-0.08657898
5104133,0.010438115
5104134,0.056731527
5104135,0.090616038
5104138,-0.015886894
5104139,0.006253084
5104140,-0.038223404
5104143,0.038716496
5104145,0.086231319
5104146,0.034727154
5104147,0.068566004
5104148,0.082916779
5104149,-0.029562602
5104150,0.079982889
5104151,0.056075693
5104152,0.063693947
5104153,0.049200916
5104154,0.084778861
5104155,0.043771026
5104156,0.083955973
5104157,0.034351039
5104158,0.064887684
5104159,0.084587126
5104160,0.087867459
5104161,-0.088450371
5104162,-0.019682008
5104163,0.025611328
5104164,0.04210504
5104165,0.053221792
5104166,0.032992181
5104167,0.057163526
5104168,-0.111459786
5104169,0.005874143
5104170,0.024858212
5104171,0.02230134
5104172,0.008771932
5104173,0.043234994
5104174,-0.028487537
5104175,0.124949619
5104176,0.063702967
5104177,0.042936258
5104178,-0.006371004
5104179,-0.004091515
5104180,0.004814069
5104181,0.046727216
5104182,0.05301471
5104183,0.055920538
5104184,0.081790956
5104185,0.05672401
5104186,0.021314893
5104201,0.049729556
5104202,0.009811706
5104203,0.058714138
5104205,-0.029436865
5104206,-0.014951307
5104207,-0.021646926
5104208,-0.067400449
5104209,-0.024748509
5104210,-0.039858232
5104211,-0.027528883
5104212,-0.02689009
5104213,-0.029584698
5104214,-0.159245423
5104215,-0.021074205
5104216,-0.031502307
5104217,-0.092871039
5104218,-0.044666823
5104219,-0.015078734
5104220,-0.020625119
5104221,-0.013067475
5104222,-0.013118887
5104223,-0.032925986
5104224,-0.00607625
5104225,-0.023564423
5104226,-0.013687215
5104227,-0.017886685
5104228,-0.090701387
5104229,0.018103499
5104230,-0.024391871
5104231,0.001833382
5104232,0.044534268
5104233,0.04311866
5104234,0.029875306
5104235,-0.009227457
5104236,-0.042393454
5104237,0.069954896
5104238,-0.056163731
5104301,0.005543251
5104303,0.043295147
5104304,0.0453354
5104305,0.013585139
5104306,0.059696174
5104307,0.057261178
5104308,0.070510103
5104309,-0.13419043
5104310,0.02710667
5104311,-0.011655459
5104313,0.013304994
5104314,-0.031864373
5104315,0.010070936
5104316,-0.001537968
5104317,0.026089123
5104318,0.001910968
5104319,-0.009444491
5104320,-8.53E-04
5104321,0.056629414
5104322,0.028203537
5104323,0.017579779
5104324,0.021290457
5104325,-0.009177001
5104326,0.014136497
5104327,0.00842263
5104328,0.007100762
5104329,0.028959382
5104330,0.010296297
5104331,-2.21E-04
5104332,0.029949521
5104333,-0.013789197
5104334,-0.017896149
5104335,0.031979
5104336,0.046999475
5104337,0.011968572
5104338,0.009095829
5104339,-0.009688743
5104340,-0.032229354
5104341,-0.018476543
5104342,0.030163051
5104343,0.031184472
5104401,0.055361025
5104402,0.03588608
5104403,-0.09063998
5104404,0.022945542
5104405,0.029400049
5104406,0.028191114
5104407,0.03937052
5104408,0.05249358
5104409,0.031441678
5104410,0.025239748
5104411,0.02781707
5104412,0.048471897
5104413,0.011165221
5104414,0.008981883
5104415,0.016049607
5104416,0.050068882
5104417,-0.033603606
5104418,0.015600595
5104419,4.86E-05
5104420,0.032230364
5104421,0.034654793
5104422,0.01428516
5104423,-0.016601176
5104424,-0.015991238
5104425,-0.02472865
5104426,-0.033131413
5104427,0.006911098
5104428,0.002389007
5104429,-0.041790902
5104430,0.042909763
5104431,0.01133622
5104432,0.089460418
5104433,0.063894651
5104434,-0.031680316
5104435,0.034324199
5104436,0.022414141
5104437,-0.003453331
5104501,0.038868377
5104502,0.032823681
5104503,0.021729781
5104504,0.013624768
5104505,0.069639545
5104506,-0.010588073
5104507,0.03296128
5104508,0.026188425
5104509,0.023349172
5104510,-0.061399139
5104511,0.005104129
5104512,0.083120857
5104513,0.049588287
5104514,-0.003686242
5104515,0.015007603
5104516,0.010337403
5104517,0.036492005
5104518,0.023027911
5104519,0.072951411
5104521,0.035056304
5104522,0.033626705
5104523,0.008407807
5104524,0.059079325
5104525,0.019596244
5104527,0.036470744
5104528,-0.007354712
5104529,-0.039149461
5104530,0.035924533
5104531,0.031374109
5104532,0.020045648
5104533,0.011214128
5104534,0.025697366
5104535,-0.032399728
5104536,-0.033700521
5104537,0.039513087
5104538,0.013419999
5104539,0.02000106
5104540,0.02117207
5104541,0.02070773
5104542,-0.046511732
5104543,0.015706101
5104544,0.034225815
5104545,0.031781496
5104546,0.006018505
5104547,0.044799488
5104548,-0.029530007
5104550,-0.004989731
5104551,0.048830931
5104552,0.009200516
5104553,0.07008694
5104554,0.011294598
5104555,0.008455599
5104556,0.003543523
5104557,0.01320289
5104558,-3.60E-04
5104560,0.002736965
5104601,0.044395506
5104602,0.022300546
5104603,-0.07576783
5104604,-0.056349284
5104605,-0.035784581
5104606,-0.037477186
5104607,-0.020055813
5104608,-0.122837114
5104609,-0.059943196
5104610,-0.004078656
5104611,2.19E-04
5104612,0.043598439
5104613,0.015209648
5104614,-0.008287232
5104615,0.014158225
5104616,-0.006579717
5104617,0.02140631
5104618,0.038523599
5104619,0.045930127
5104620,0.043493596
5104621,0.032512568
5104622,-0.015364265
5104623,0.026598649
5104624,0.020661059
5104625,-0.001123375
5104626,0.011680014
5104627,-0.064171194
5104628,-0.024367955
5104701,0.032382024
5104702,0.003947193
5104703,0.045166892
5104704,0.034127174
5104705,0.025395962
5104706,-0.007831652
5104707,0.057789719
5104708,0.008692498
5104709,0.065130351
5104710,0.05343273
5104711,0.037879433
5104712,0.013442686
5104713,0.073734887
5104714,0.018161039
5104715,0.091557497
5104716,0.05541509
5104717,0.036207473
5104718,0.048219977
5104719,0.033203406
5104720,0.036491696
5104721,0.035425888
5104722,0.028419714
5104723,0.022213249
5104724,0.044107927
5104725,0.032273949
5104726,0.018519171
5104727,0.020251612
5104728,0.034183214
5104729,0.039167557
5104730,0.045152048
5104731,0.046339917
5104732,0.04122856
5104733,0.05317733
5104734,0.00628049
5104735,0.027755975
5104736,0.038063268
5104737,-0.006890075
5104738,0.041033005
5104739,0.032652521
5104740,0.003130079
5104741,0.056057023
5104742,0.037173277
5104743,0.001900321
5104744,0.066201863
5104745,0.06548075
5104801,0.020504682
5104802,0.041836154
5104803,0.068084014
5104804,0.053273073
5104805,0.076440233
5104806,0.060627958
5104807,0.001551794
5104808,0.063513441
5104809,0.05387749
5104810,0.041941525
5104811,0.012492234
5104812,0.035347625
5104813,-0.005136566
5104814,0.037832332
5104815,0.030528514
5104816,0.047988229
5104817,0.016283858
5104818,0.043663172
5104819,0.041953471
5104820,0.023133837
5104821,0.049824256
5104901,0.032075165
5104902,-0.03196852
5104903,0.014011595
5104904,-0.058972543
5104906,-0.049866051
5104907,-0.05168288
5104908,-0.062763895
5104909,-0.080599703
5104910,0.041961897
5104911,-0.032387568
5104912,-0.011878069
5104913,-0.009007123
5105001,-0.112014376
5105002,-0.087670146
5105003,-0.053938545
5105004,-0.093909238
5105005,-0.073005839
5105006,-0.096467732
5105007,-0.091338335
5105008,-0.13354369
5105009,-0.09422366
5105010,-0.043487158
5105011,-0.102765197
5105012,-0.097384448
5105013,-0.049622399
5105014,-0.094922918
5105015,-0.095634978
5105016,-0.087868592
5105017,-0.067167818
5105018,-0.068244348
5105019,-0.09899237
5105020,-0.099820813
5105101,-0.031770615
5105103,-0.001508164
5105104,0.02722504
5105105,-0.004365559
5105106,-0.015864202
5105107,-0.037943909
5105108,-0.021157887
5105109,0.032422737
5105111,0.048788795
5105112,-0.004630519
5105113,0.084805954
5105114,0.009774599
5105115,0.062376988
5105201,-0.053569897
5105301,-0.074648376
5105302,-0.109050424
5105303,-0.081523105
5105304,-0.061765498
5105305,-0.081037117
5105306,-0.068577653
5105307,-0.047490287
5105308,-0.08819957
5105309,-0.079032547
5105310,-0.07589923
5105311,-0.024970663
5105312,-0.080448891
5105313,-0.064571747
5105314,-0.105908892
5105315,-0.108575812
5105316,-0.072703562
5105317,-0.043077609
5105318,-0.064132399
5105319,-0.077322104
5105320,-0.063156927
5105321,-0.09992119
5105322,-0.092918574
5105323,-0.087357546
5105324,-0.064155235
5105325,-0.086778141
5105326,-0.058721663
5105327,-0.086464613
5105328,-0.066021503
5105329,-0.089236885
5105330,-0.088302092
5105331,-0.103392851
5105332,-0.13166378
5105333,-0.076687562
5105334,-0.135672243
5105335,-0.087295815
5105336,-0.106872654
5105337,-0.054401632
5105338,-0.080151336
5105401,0.038422661
5105402,-0.00546804
5105403,0.041356414
5105404,0.038710226
5105405,0.002019132
5105406,0.030444642
5105407,0.02505332
5105408,0.016987375
5105409,0.035672165
5105410,0.02077798
5105411,0.001384697
5105412,0.048491331
5105413,0.033703705
5105414,1.59E-04
5105415,-0.012024255
5105416,-0.049883512
5105417,0.04146581
5105418,-0.009829562
5105419,0.03961006
5105420,0.027103698
5105421,-0.021946097
5105422,-0.036548674
5105423,0.008739781
5105424,0.017136256
5105425,0.007955915
5105426,0.003192077
5105427,0.021800035
5105428,0.042541699
5105429,0.009344223
5105430,0.015650981
5105431,0.037643458
5105432,0.086081985
5105501,-0.03573299
5105601,0.066532538
5105602,0.05863358
5105603,0.038859405
5105604,0.084789183
5105605,0.032566086
5105606,-0.013404029
5105607,-0.02037953
5105608,0.038380872
5105609,-0.022505529
5105610,0.037571965
5105611,0.038765698
5105612,0.044090342
5105613,0.018652714
5105614,0.040473838
5105615,0.080415024
5105616,0.049026708
5105617,0.053794958
5105618,0.032385804
5105619,0.027565265
5105620,0.025625026
5105621,0.013162208
5105622,0.034587901
5105623,0.021863405
5105624,0.042934088
5105625,0.056847165
5105626,0.061453269
5105627,0.023548479
5105628,0.089048091
5105629,0.05847206
5105630,0.062642741
5105631,0.079877518
5105632,0.04452491
5105633,0.039504152
5105634,0.051219165
5105635,0.019168745
5105636,0.040906992
5105637,0.038020406
5105638,0.034813798
5105639,0.055846463
5105640,0.069419912
5105641,0.036256963
5105642,0.055738358
5105643,0.052773711
5105644,0.029496208
5105645,0.063641111
5105646,0.075646073
5105647,0.017585606
5105648,0.053088558
5105649,0.075168027
5105650,0.11014091
5105651,0.053450205
5105701,0.008820673
5105702,0.034977766
5105703,0.053517241
5105704,0.013906574
5105707,0.07625009
5105708,0.04276004
5105709,0.046683484
5105710,0.039392799
5105711,0.057639153
5105712,-0.003990927
5105713,0.044503309
5105715,0.032235673
5105716,0.038025401
5105717,0.015245398
5105718,0.064010329
5105719,0.050489448
5105720,0.045856597
5105721,0.046556664
5105722,0.048485654
5105723,0.058841538
5105724,0.100086607
5105725,0.024094617
5105727,-0.042745175
5105728,0.063794478
5105729,0.04216494
5105730,0.063522995
5105731,0.005981408
5105732,0.01463194
5105733,0.046000026
5105734,0.071907283
5105735,0.063881542
5105736,0.061140379
5105737,0.049632868
5105738,0.087534489
5105739,0.098807486
5105740,0.085727519
5105741,0.037988025
5105801,0.107166941
5105802,0.01803528
5105803,0.060041588
5105804,0.037081418
5105805,0.043479787
5105806,0.039787084
5105807,0.059815749
5105808,0.061814302
5105809,0.053926299
5105810,0.054797375
5105811,-9.20E-04
5105812,0.028029529
5105813,0.011721797
5105902,0.05845353
5105905,0.059902317
5105906,0.092199157
5105907,0.044361397
5105909,0.085127701
5105910,0.06653112
5105911,-0.003808117
5105912,0.015206101
5105913,0.054841592
5105914,0.031719534
5105915,0.020611878
5105916,0.063638843
5105917,0.07253623
5105918,0.071390016
5105919,0.068890012
5105920,0.040072586
5105921,0.097701515
5105922,0.102469568
5105923,0.080715979
5105924,0.053248844
5105925,0.037645685
5105926,0.092651356
5105927,0.063438551
5105928,0.036004531
5105929,0.02733954
5105930,0.066121785
5105932,0.075241621
5105933,0.063885548
5105934,0.081593423
5105935,0.092933158
5105936,0.074196472
5105938,0.096534154
5105939,0.047769937
5105940,0.107569984
5105941,0.077050296
5105942,0.076659147
5105943,0.102245463
5105944,0.030333765
5105945,0.072505778
5105946,0.087136896
5105947,0.001729922
5105948,0.093618529
5105949,0.058611388
5105951,0.086630747
5105952,0.049790799
5105953,0.085003138
5105954,0.062747126
5105955,0.06775857
5105956,0.083931123
5105957,0.052147487
5105959,0.058862521
5105960,0.082725969
5105961,0.09560163
5105962,0.105353559
5105963,0.115396177
5105964,0.095912697
5105965,0.1064786
5105966,0.093274717
5105967,0.030608714
5105968,0.094377454
5105969,0.052438738
5105970,0.082455728
5105971,0.046851557
5105972,0.0673046
5105973,0.103676441
5105974,0.071353457
5105975,-0.054979531
5105976,0.083971857
5105977,0.023436474
5105978,0.092585654
5105979,0.082675333
5105980,0.110057363
5105981,0.074648387
5105982,0.055560668
5105983,0.116858244
5105984,0.090127091
5105985,0.089380569
5105986,0.116349262
5105987,0.065789544
5106001,0.001341953
5106002,-0.018092951
5106003,0.010106843
5106004,-0.047095435
5106005,-0.005146946
5106006,-0.024456197
5106007,-0.008522369
5106008,0.047391101
5106102,0.069270112
5106103,0.044496573
5106104,0.018206624
5106105,0.06046304
5106106,0.021023996
5106108,0.012470999
5106109,-0.02801026
5106110,0.005954098
5106111,-0.069788213
5106112,-0.001547642
5106113,-0.030871075
5106114,0.058689639
5106201,0.002028633
5106202,-0.020003529
5106203,-0.014950605
5106204,0.061389391
5106205,0.068805404
5106206,0.091495682
5106207,8.06E-04
5106208,0.040030612
5106209,0.051432201
5106210,0.062640289
5106211,0.028043998
5106212,-0.002199708
5106213,-0.00895068
5106214,0.017375369
5106215,0.040650626
5106216,0.054400599
5106217,0.006058763
5106218,0.055653405
5106219,0.05528552
5106220,0.054415562
5106301,0.099452754
5106401,0.045593554
5106501,0.013395381
5106502,-0.002611862
5106503,0.023436
5106504,0.068646021
5106505,0.048935767
5106506,0.056431522
5106507,0.002978359
5106508,0.01458179
5106509,0.004260217
5106510,-0.002158156
5106511,0.048448546
5106512,0.040034634
5106513,0.031871681
5106514,0.027684934
5106601,0.036171459
5106602,0.059317842
5106603,0.039252119
5106604,0.0676528
5106605,0.076086829
5106606,0.049564346
5106607,-0.007273224
5106608,0.057853415
5106609,0.067086152
5106610,-0.032291977
5106611,-0.098124713
5106615,0.002816438
5106616,-0.011140028
5106617,0.068620308
5106618,0.079272099
5106619,-0.010769143
5106620,0.04561119
5106621,-0.06263855
5106622,-0.010662139
5106623,0.030978348
5106624,0.035460445
5106625,0.022725178
5106626,0.028795902
5106627,0.015825004
5106628,-0.00167318
5106701,0.041232608
5106702,0.036954473
5106703,0.054617948
5106704,0.033493803
5106705,0.064838268
5106706,0.044555718
5106707,0.009062498
5106708,0.073588998
5106709,0.038563322
5106710,0.008186547
5106711,0.029291385
5106712,0.033054387
5106713,0.05976574
5106714,0.032027108
5106715,0.043725305
5106716,0.040860233
5106717,0.01233662
5106718,-0.005416482
5106719,0.060613111
5106720,0.059818391
5106801,-0.032303809
5106802,-0.030667163
5106803,-0.043424888
5106804,-0.044985364
5106807,0.019232901
5106808,0.016903951
5106809,0.020326338
5106810,0.068860442
5106811,0.01149581
5106812,0.00344496
5106813,0.022449716
5106814,-0.014929684
5106815,0.004543881
5106816,0.0261554
5106817,-0.088719532
5106818,0.071422775
5106819,0.004263356
5106820,0.063392136
5106901,0.076491725
5107001,0.014915003
5107002,0.009161922
5107003,-1.79E-04
5107004,0.018342576
5107005,0.029211656
5107006,0.027561366
5107007,0.003181315
5107008,1.58E-04
5107009,0.046908897
5107010,0.017655852
5107011,0.005518191
5107012,0.029697183
5107013,0.036315411
5107014,0.040847524
5107015,0.017554459
5107016,-0.006028564
5107017,0.015215447
5107018,0.01311795
5107019,-0.009680385
5107020,0.015165527
5107021,0.029836946
5107022,0.043314331
5107023,-0.050943208
5107024,0.008694843
5107101,0.034070523
5107102,0.062940139
5107103,0.007913452
5107104,0.02007851
5107105,0.0382772
5107106,-0.016653495
5107107,0.059010153
5107108,0.040543736
5107109,0.068825004
5107110,0.024170502
5107111,0.05079432
5107112,0.036791979
5107113,0.004023127
5107114,0.056718707
5107115,0.060758045
5107116,0.067145614
5107117,0.068758932
5107118,0.064290645
5107119,0.059896454
5107120,0.044093104
5107121,0.047375298
5107122,0.056500011
5107123,0.051653115
5107124,0.038798773
5107125,-0.174792175
5107126,0.032354749
5107127,0.04650335
5107128,0.047783489
5107129,0.058319119
5107130,0.046040082
5107131,0.048176851
5107132,0.053342331
5107133,0.0807454
5107134,0.036262644
5107135,0.020084331
5107201,0.028528035
5107202,-0.009398024
5107203,0.005409923
5107204,-0.00759238
5107205,-0.018774504
5107206,0.029722124
5107207,0.011498171
5107208,0.018224535
5107209,-0.042744025
5107210,1.03E-05
5107211,-0.011821092
5107212,0.001091854
5107213,0.049124697
5107214,-0.001675394
5107215,0.005266866
5107216,0.027420364
5107217,0.001738987
5107218,4.00E-04
5107219,0.014460072
5107220,-0.01658031
5107221,-0.04788138
5107222,-0.083002949
5107223,-0.030543267
5107224,-0.003157264
5107225,-0.012514462
5107226,0.018898418
5107227,0.027166581
5107228,0.016026173
5107229,-0.030034263
5107230,-0.040177573
5107231,-0.01736765
5107232,-0.057024727
5107233,0.029237917
5107234,0.027356557
5107301,-0.012772477
5107302,0.016632223
5107303,0.003777461
5107304,-0.001171116
5107305,0.045839658
5107306,-0.006210902
5107307,0.029139785
5107308,0.007316582
5107309,-0.003942438
5107310,0.022501623
5107311,-0.027109
5107312,0.03487215
5107313,0.030656435
5107314,-0.015895655
5107315,0.017850275
5107316,-0.020277771
5107317,0.047880327
5107318,0.02932035
5107319,0.014851316
5107320,0.023237021
5107321,0.034397119
5107322,-0.006390038
5107323,0.003802048
5107324,0.024962167
5107325,0.008490029
5107326,0.025179586
5107327,-0.008792684
5107328,0.004487874
5107329,-0.004659753
5107330,0.006009622
5107331,-0.003272375
5107332,0.019689883
5107333,-0.030293627
5107334,0.026444746
5107335,0.022360781
5107401,0.016023256
5107402,0.019017413
5107403,0.024682297
5107404,0.009390642
5107405,0.054511917
5107406,-0.127417013
5107407,0.0219962
5107408,-0.007047695
5107409,0.019722664
5107410,0.016321111
5107411,0.00151226
5107412,0.016633571
5107413,-0.030446369
5107414,-0.006651992
5107415,-0.038700373
5107416,0.035052069
5107417,-1.17E-04
5107418,-0.023595586
5107419,0.024544191
5107420,-0.019808906
5107421,0.024521417
5107501,-0.044624549
5107502,-0.00659453
5107503,-0.009136009
5107504,0.023171341
5107505,0.00525912
5107506,0.004725372
5107507,0.004062355
5107508,0.037228818
5107509,-0.035841599
5107510,0.046697385
5107511,0.054449129
5107512,0.002896362
5107513,0.015953261
5107514,0.035463043
5107515,0.050142089
5107516,-0.023325046
5107517,0.016161368
5107518,0.024700382
5107519,-0.033084716
5107520,-0.047948796
5107521,0.019989091
5107522,0.023891707
5107523,0.031002171
5107601,-0.017723678
5107602,0.04029706
5107603,-0.026879683
5107604,0.060026418
5107606,0.047995069
5107607,0.022169036
5107608,0.037983948
5107609,-0.015443159
5107611,0.067392186
5107612,0.070450498
5107613,-0.082808185
5107614,0.029936546
5107615,-0.027844808
5107616,0.013240006
5107617,0.014210968
5107701,-0.034599043
5107702,-0.003916161
5107703,0.068648019
5107704,0.0116161
5107705,0.058673781
5107706,0.004500675
5107707,-0.009007662
5107708,-0.004231564
5107709,0.042905886
5107710,0.014790992
5107711,0.058091393
5107712,0.022585356
5107713,0.022643661
5107714,0.029759399
5107715,0.009815943
5107716,0.075295684
5107717,4.84E-04
5107718,-0.025610534
5107719,0.01935952
5107720,0.031450791
5107721,0.031471317
5107722,-0.014927255
5107723,0.003478036
5107724,0.025405728
5107725,0.004130198
5107726,-0.044625073
5107727,0.006427143
5107728,0.006327767
5107729,-0.01846359
5107730,0.019539829
5107731,0.011866832
5107732,0.046958777
5107733,0.036710105
5107734,-0.029379354
5107735,0.040707356
5107736,-0.015301812
5107801,0.027037361
5107802,-0.005792204
5107803,0.04293475
5107804,0.040968106
5107805,0.035375732
5107806,0.043274835
5107807,0.003922123
5107808,0.040477442
5107809,0.010837968
5107810,-0.026352287
5107811,-0.003692589
5107812,0.024214953
5107813,0.023185266
5107814,-0.009067754
5107815,0.013480821
5107816,0.03423938
5107817,0.007817309
5107818,0.020931614
5107819,0.019873547
5107820,0.015154558
5107821,0.048900145
5107822,0.012122053
5107823,-0.009844071
5107824,0.02664946
5107825,0.028305833
5107826,-0.047953425
5107827,0.023377888
5107828,-0.030882247
5107829,0.026155108
5107830,-0.011403271
5107831,0.025514125
5107832,-0.018721319
5107833,-0.008704057
5107834,0.077490877
5107835,0.006816963
5107901,-0.01283891
5107902,0.013300874
5107903,-0.001368217
5107904,0.046152866
5107905,0.02769342
5107906,0.009846079
5107907,-0.004803712
5107908,-0.028065703
5107909,-0.007419525
5107910,0.003292907
5107911,0.032351731
5107912,0.017330567
5107913,-0.007891328
5107914,-0.068606982
5107915,0.019746023
5107916,-0.030897821
5107917,0.017668285
5107918,0.005593178
5107919,-0.059269218
5107920,-0.006258074
5107921,0.014806742
5107922,-0.041885639
5107923,0.030785059
5107924,-0.051209843
5107925,0.037420209
5107926,0.018871315
5107927,0.018549652
5108001,0.033034333
5108002,-0.008116394
5108003,0.027028981
5108004,-0.019299881
5108005,0.005532997
5108006,0.049921187
5108007,0.02332266
5108008,-0.001060443
5108009,-0.022840894
5108010,0.035256383
5108011,0.010867144
5108012,-0.026868145
5108013,-0.023345135
5108014,0.032083688
5108015,0.039163785
5108016,-0.067079294
5108017,0.062203326
5108018,0.048939061
5108019,0.046275476
5108020,0.014855965
5108021,0.025430841
5108022,0.034008441
5108023,0.048737631
5108101,0.008903567
5108102,0.028004669
5108103,0.005089452
5108104,-0.113756859
5108105,-0.007720167
5108106,0.024893313
5108107,0.031585333
5108108,0.013033743
5108109,3.59E-05
5108110,0.01636795
5108111,0.016802205
5108112,-0.026148247
5108113,0.021796212
5108114,0.071430478
5108115,0.026727149
5108116,-0.088381649
5108117,0.01780544
5108118,0.024636418
5108119,-0.014487912
5108120,-0.003224001
5108121,0.01356457
5108122,0.019764115
5108123,-0.009050652
5108124,-0.002761938
5108201,0.011700603
5108202,-0.072072718
5108203,0.010955826
5108204,0.003588441
5108205,0.058312116
5108206,0.004070534
5108207,-0.0346687
5108208,0.020741064
5108209,0.051746201
5108210,-0.016292328
5108211,0.039824699
5108212,-0.071475346
5108213,-0.00474568
5108214,-0.019716503
5108215,-0.011673987
5108216,0.031926769
5108217,0.049244129
5108218,-0.016783771
5108219,-0.035478073
5108220,0.025050468
5108221,0.012873244
5108222,-0.011247539
5108223,0.020325524
5108224,0.008117389
5108225,-0.007931302
5108301,0.051454337
5108302,0.036848177
5108303,0.033917269
5108304,0.032491835
5108305,0.054140635
5108306,0.041237735
5108307,0.028277194
5108308,0.075108951
5108309,-0.009332546
5108310,-0.040016589
5108311,0.052904287
5108312,0.030000884
5108313,0.007443934
5108314,0.053306454
5108315,0.066458022
5108316,-0.02306363
5108317,0.051919938
5108318,-0.015258123
5108319,0.024303196
5108320,0.075745339
5108321,0.022202445
5108322,0.02474302
5108323,0.030839713
5108324,0.027108212
5108325,0.03689488
5108326,-0.057144506
5108327,0.031087257
5108328,-0.046268016
5108329,-0.037803467
5108330,-0.089121826
5108331,-0.007081429
5108401,0.022340003
5108402,0.020530596
5108403,0.013138915
5108404,0.046143788
5108405,0.074068885
5108406,-0.017497344
5108407,-0.003937447
5108408,0.032380275
5108409,0.004529439
5108410,-0.00389462
5108411,0.024889348
5108412,0.062187051
5108413,-0.003582284
5108414,0.050645274
5108415,-0.006991406
5108416,-0.007488543
5108417,-0.04275897
5108418,-0.01231236
5108419,0.036388541
5108420,0.011243508
5108421,-0.00514386
5108422,0.066043044
5108423,0.05325082
5108424,0.012727431
5108425,0.03863599
5108426,0.03957375
5108427,0.048124751
5108428,0.029494572
5108429,-0.024242622
5108430,0.011797494
5108431,0.022770446
5108432,0.066754673
5108433,-0.021888864
5108434,0.075451026
5108435,0.088913857
5108436,0.068771584
5108437,0.087468068
5108501,0.048525667
5108502,0.033288292
5108503,0.042893982
5108504,0.014127386
5108505,0.047674296
5108506,0.031289045
5108507,-0.011072359
5108508,0.051584858
5108509,0.049125341
5108510,0.023333029
5108511,0.002258898
5108512,0.039289204
5108513,0.042181333
5108514,0.045630494
5108515,0.058474403
5108516,0.044081055
5108517,0.001858169
5108518,0.050821374
5108519,0.038847725
5108520,0.031046782
5108521,0.049120895
5108522,0.030046136
5108523,0.020079593
5108524,0.046259898
5108525,-0.041915018
5108526,0.046918248
5108527,0.042780665
5108528,-0.06066149
5108529,0.014320387
5108530,0.039713515
5108531,0.042051448
5108532,0.008577268
5108533,0.002539738
5108534,0.034545319
5108535,0.045543415
5108536,0.032905257
5108537,0.069367438
5108538,0.035748924
5108539,0.055469813
5108540,0.052470773
5108541,0.033839807
5108542,0.026920493
5108543,0.061441951
5108544,0.059637273
5108601,0.104248163
5108602,0.006147202
5108603,-0.009348927
5108604,0.020875872
5108605,0.054065993
5108606,0.064755959
5108607,0.047565129
5108608,0.061492573
5108609,0.047047354
5108610,0.022207616
5108611,0.027194327
5108612,0.033226872
5108613,0.039961322
5108614,0.025627958
5108615,-0.044920005
5108616,0.009807859
5108617,0.039540736
5108618,0.030640481
5108619,0.018859882
5108620,0.013128897
5108621,0.038597361
5108622,0.007630083
5108623,0.005334952
5108624,0.022858318
5108625,0.063766385
5108626,2.30E-04
5108627,0.057467806
5108628,0.023073038
5108629,0.030191098
5108630,0.031468428
5108631,0.015217973
5108632,0.048599071
5108633,0.057399323
5108634,0.041666001
5108635,0.050209437
5108636,0.071046402
5108637,0.079012531
5108638,0.089549188
5108639,0.070356006
5108640,0.082559009
5108641,0.053526043
5108642,0.055420486
5108643,0.051667544
5108644,0.076189519
5108645,0.064057022
5108646,0.032238778
5108647,0.005497277
5108648,0.054653984
5108649,0.087261371
5108650,0.048527706
5108651,0.013515818
5108652,0.013443193
5108653,0.007094425
5108654,0.016261237
5108655,0.094486474
5108656,0.053116477
5108657,0.070408707
5108658,-0.068173417
5108659,0.041791981
5108701,-0.114631732
5108801,0.037752097
5108802,0.077476682
5108803,0.025127373
5108804,0.025007376
5108805,0.004908797
5108806,-0.00151787
5108807,-0.050103556
5108808,0.031109578
5108809,0.023501178
5108810,0.028793714
5108811,0.036764689
5108812,0.016515179
5108813,0.028748694
5108814,0.014142836
5108815,0.027233841
5108816,0.011073627
5108817,-0.030748838
5108818,-0.018680209
5108819,-0.001756292
5108820,0.013123613
5108821,0.008521161
5108822,0.035764464
5108823,0.049925776
5108824,0.022782135
5108825,0.037979446
5108826,0.04378267
5108827,0.031951353
5108828,-0.007989914
5108829,0.040443096
5108830,0.03622396
5108831,0.020216025
5108832,0.061373913
5108833,-0.026825384
5108834,0.020423194
5108835,0.014860654
5108901,0.034551368
5108902,-0.029254972
5108903,0.00319176
5108904,-0.188757307
5108905,0.044247254
5108906,-7.14E-04
5108907,-0.01741454
5108908,0.062428368
5108909,0.008707697
5108910,-0.046589905
5108911,-0.030641563
5108912,-0.025527637
5108913,3.64E-04
5108914,0.021565798
5108915,-0.143934269
5108916,0.010928015
5108917,-0.001187034
5108918,-0.031157037
5108919,0.0398794
5108920,0.006668607
5108921,0.022131937
5108922,0.008954193
5108923,-0.011927751
5108924,0.012047691
5108925,-0.026965919
5108926,0.033096847
5108927,0.012666632
5108928,-0.084246376
5108929,0.037603436
5108930,0.019228803
5108931,0.006976372
5108932,0.00414195
5108933,-0.011138786
5108934,0.002352504
5108935,0.003139058
5108936,0.005916289
5108937,-0.140028299
5108938,0.023404726
5108939,0.022426076
5108940,-0.010227696
5108941,-0.003786924
5108942,-0.004218433
5108943,0.033970698
5108944,0.016421394
5108945,-0.042890292
5108946,0.005246472
5108947,0.021789776
5108948,0.012872877
5108949,0.003205974
5108950,0.015935834
5109002,-0.057964971
5109003,0.046415492
5109004,0.041631981
5109005,0.032674516
5109006,-0.027465798
5109007,0.057408268
5109008,0.054048482
5109009,0.034225972
5109010,0.052486687
5109011,0.038507257
5109012,0.033356252
5109013,0.051636941
5109014,0.005822678
5109016,0.043670698
5109017,0.027850462
5109019,0.031208745
5109020,0.055434599
5109021,0.046205267
5109022,0.04491813
5109023,0.047348072
5109024,0.070984807
5109025,0.058827087
5109027,0.021516366
5109028,0.054615817
5109029,0.072616302
5109030,0.038961488
5109031,0.036917379
5109032,0.040292508
5109033,0.060832494
5109034,0.057489097
5109035,0.061453668
5109036,0.047859878
5109101,0.108702031
5109201,0.025707121
5109202,0.025579661
5109203,0.032789629
5109204,0.031547736
5109205,0.033742894
5109206,0.025468454
5109207,0.00564571
5109208,-0.051383883
5109209,0.012133149
5109210,-0.021065417
5109211,-0.02212115
5109212,0.037765331
5109213,0.025618922
5109214,0.044651134
5109215,0.039978891
5109216,0.041931502
5109217,-0.004024095
5109218,0.013005776
5109219,0.023604646
5109220,0.003640074
5109221,0.01534053
5109222,0.005862453
5109223,0.011863567
5109224,-0.004146434
5109225,0.032442307
5109226,0.009421209
5109227,-0.004308796
5109228,0.022247853
5109229,0.010155659
5109230,-0.011266608
5109231,-0.085645738
5109232,0.019875377
5109301,0.067696322
5109302,0.081524322
5109303,0.035985007
5109304,0.07467647
5109305,0.045303203
5109306,0.049977163
5109307,0.048336696
5109308,0.058383351
5109309,0.045182246
5109310,0.022263712
5109311,0.022883571
5109312,0.043349068
5109313,0.063888742
5109314,0.050957081
5109315,0.043816274
5109316,0.03089041
5109317,-0.013775877
5109318,0.082518995
5109319,0.038028078
5109320,0.064514462
5109321,0.094008632
5109322,0.034020972
5109323,0.086100687
5109324,0.05076088
5109325,0.034032115
5109326,0.029702545
5109327,0.064674052
5109328,0.056849799
5109329,0.061059953
5109330,0.114773634
5109401,-0.04735057
5109402,0.022007008
5109403,0.001187521
5109404,-0.058419316
5109405,-0.006608297
5109406,0.014129307
5109407,0.02396433
5109408,0.011305953
5109409,-0.01412542
5109410,0.002160863
5109411,-0.035033322
5109412,-0.07436845
5109413,-0.103572511
5109414,-0.004149394
5109415,-0.00533777
5109416,-0.174700352
5109417,0.02089532
5109418,-0.007560906
5109419,-0.010475295
5109501,0.057813639
5109502,0.052057694
5109503,0.064505506
5109504,0.059675014
5109505,-0.010202456
5109506,0.075513473
5109507,0.062394201
5109508,0.046369487
5109509,0.05670382
5109510,0.067060728
5109511,0.059457504
5109512,0.037166152
5109513,0.00381612
5109514,0.047947606
5109515,0.049853463
5109516,0.051865222
5109517,0.030438522
5109518,0.039975437
5109519,0.053740239
5109520,0.046614825
5109521,0.019496434
5109522,0.044923724
5109523,0.034739887
5109524,0.064240523
5109525,0.064501969
5109526,0.044189836
5109527,0.066434975
5109528,0.032727518
5109601,0.037153294
5109602,0.023598527
5109603,0.003738891
5109604,-0.011017587
5109605,0.033818402
5109606,0.003679048
5109607,0.015216988
5109608,0.035739823
5109609,-0.00841969
5109610,-0.052979494
5109611,-7.83E-04
5109612,-0.037316992
5109613,-0.036042473
5109614,-0.016443631
5109615,-0.032450554
5109616,-0.025575898
5109617,-0.038197112
5109618,-0.015427741
5109619,-0.01617839
5109620,-0.027050385
5109621,-0.007123647
5109622,-0.090342103
5109623,-0.030647276
5109624,-0.04828072
5109625,0.018688748
5109626,-0.028392609
5109627,-0.171673921
5109628,-0.007484056
5109629,-0.016562544
5109630,-0.011308469
5109631,-0.006246622
5109701,-0.003470335
5109702,0.010704326
5109703,0.0625787
5109704,0.050067636
5109705,0.044084347
5109706,-0.010584928
5109707,0.024357833
5109708,-0.004178813
5109709,0.040118024
5109710,0.04013665
5109711,0.063080471
5109712,0.062437925
5109713,0.054176625
5109714,0.043330811
5109715,0.026352501
5109716,-0.07772855
5109717,0.022295743
5109718,0.02197698
5109719,0.027752959
5109720,0.059270346
5109721,0.046091859
5109722,0.059995605
5109723,0.013737565
5109724,0.034361543
5109725,-0.014672038
5109726,0.043920528
5109727,-0.027352304
5109728,0.029596517
5109729,0.021618363
5109730,-0.022497502
5109731,-0.037493035
5109732,-0.053135275
5109733,-0.012522844
5109734,-0.145412018
5109801,0.028384394
5109802,0.028385479
5109803,0.016703089
5109804,-0.023729161
5109805,0.036832087
5109806,-0.009385682
5109807,0.034606179
5109808,0.023896062
5109809,-0.003559334
5109810,0.049275669
5109811,0.04990306
5109812,0.046584382
5109813,0.03164029
5109814,0.051465792
5109815,0.041242782
5109816,0.05256961
5109817,0.037874221
5109818,0.044180432
5109819,0.076672743
5109820,0.075341082
5109821,0.060453139
5109822,0.081045124
5109823,0.098437001
5109824,0.067049873
5109825,0.070972122
5109826,0.079206273
5109827,0.075034949
5109828,0.067986102
5109829,0.055174597
5109901,0.088267105
5109902,0.086684079
5109903,0.073807588
5109904,0.074725271
5109905,0.052335062
5109906,0.070420072
5109907,0.082149594
5109908,-0.021805397
5109910,0.067383589
5109911,0.053165484
5109913,0.013433081
5109914,0.047779259
5109915,0.069821915
5109916,0.038070248
5109917,0.046065562
5109918,-0.003211862
5109919,0.06655316
5109920,-0.049198763
5109921,0.054049565
5109922,0.079648961
5109923,0.05139729
5109925,0.074477266
5109927,0.06305083
5109929,0.030268479
5109930,-0.003756235
5109931,0.057220335
5109932,0.044734014
5109933,0.060474143
5109934,0.091745086
5109936,0.056261359
5109937,0.051027799
5109938,0.059893462
5109939,0.050090917
5109940,0.063174264
5109941,0.068487772
5109942,0.044127312
5109943,0.057538006
5109944,0.045969642
5109945,0.058035331
5109946,0.073409706
5109947,0.088369936
5109948,0.058410324
5109949,0.065055622
5109950,0.090326505
5109951,0.077405823
5109952,0.058667178
5109953,0.067695367
5110001,0.073692586
5110002,0.067772089
5110003,-0.052820861
5110005,0.076287918
5110006,0.0651615
5110008,0.071912546
5110009,0.053797445
5110010,0.012977534
5110011,0.062054564
5110012,0.031063204
5110013,0.017637447
5110014,0.066252731
5110015,0.050694171
5110016,0.065628485
5110017,0.057527906
5110018,0.051447308
5110019,0.094828093
5110020,0.038368216
5110022,0.063186813
5110023,0.077268127
5110024,0.024399526
5110025,0.052497435
5110026,0.06243018
5110027,0.059429608
5110028,0.060887987
5110029,-0.005022482
5110101,0.053934203
5110102,0.052688307
5110103,-0.00829367
5110104,0.06462763
5110105,0.058784646
5110108,0.045849631
5110109,0.053536143
5110110,0.045981796
5110111,0.079581679
5110115,-0.010144422
5110116,0.053537102
5110117,-0.010702103
5110118,0.08698331
5110119,0.049171293
5110120,0.038592856
5110121,0.069062217
5110122,0.060776869
5110123,0.080496441
5110124,0.084526712
5110125,0.045578257
5110126,0.047513627
5110127,0.110380343
5110128,0.054528452
5110129,0.079541791
5110130,0.072819427
5110131,0.106508459
5110132,0.080895112
5110133,0.091209393
5110134,0.05721874
5110135,0.01068002
5110136,0.055766672
5110201,0.058472291
5110202,-0.008388858
5110203,-0.025060466
5110204,0.032244765
5110205,0.032563277
5110206,0.016813896
5110207,0.04536923
5110208,-6.40E-04
5110209,0.028771706
5110210,0.004383953
5110211,0.036368612
5110212,0.038957886
5110213,0.057860764
5110214,0.038874497
5110215,0.010894902
5110216,0.011844637
5110217,0.059920155
5110218,0.050362077
5110219,0.04291602
5110220,0.040188257
5110221,-0.001477179
5110222,0.01050304
5110303,0.105125873
5110304,0.10343242
5110305,-0.078401812
5110306,0.065618573
5110307,0.059755664
5110308,0.064573927
5110309,0.070836833
5110310,0.052828715
5110311,0.072079236
5110312,0.042110546
5110313,0.039287657
5110314,0.04152628
5110315,0.080109647
5110316,0.037905296
5110317,-0.058805512
5110318,0.108933376
5110319,0.081579832
5110320,0.078407935
5110321,0.052950338
5110322,0.068117305
5110323,0.078582751
5110324,0.053656793
5110326,0.092993159
5110328,0.08797236
5110329,0.057873878
5110334,0.0297878
5110335,0.026157447
5110336,0.020732383
5110337,0.027177217
5110338,0.068192854
5110339,0.07182023
5110340,0.103188744
5110341,0.090793164
5110342,0.055244219
5110343,0.08203998
5110344,0.076535928
5110345,0.078348823
5110346,0.088409383
5110347,0.094880578
5110348,0.094533685
5110349,0.0947277
5110350,0.071880684
5110351,0.077740654
5110352,0.063989602
5110353,0.087840537
5110354,0.112749524
5110355,0.059410004
5110356,0.077507751
5110357,0.071051788
5110358,0.086085434
5110359,0.074296292
5110360,0.040177998
5110361,0.067027727
5110362,0.071834807
5110363,0.025381095
5110364,0.07790508
5110365,0.073837737
5110366,0.055310449
5110401,-0.068268456
5110402,0.047953953
5110403,0.041866856
5110404,0.033894692
5110405,-0.001071539
5110406,0.01990612
5110407,0.072757132
5110408,0.031930958
5110409,0.051677779
5110410,0.055966668
5110411,-0.003624404
5110412,0.054756443
5110413,0.040343184
5110414,0.042348486
5110415,0.094563846
5110416,0.079171937
5110417,0.054564105
5110418,0.082123034
5110419,0.061897813
5110420,0.06962827
5110421,0.063304257
5110422,0.067663576
5110423,0.049128599
5110424,-0.008654928
5110425,0.05877915
5110426,0.03146891
5110551,0.061773498
5110552,0.069661295
5110553,-1.58E-04
5110501,-0.015558107
5110502,-0.005502957
5110503,0.030585638
5110504,-0.010518726
5110505,0.050693707
5110506,0.043280135
5110507,0.043798794
5110508,0.063644464
5110509,0.003054262
5110510,0.075207403
5110512,0.058905603
5110513,-0.030428433
5110514,0.007181598
5110515,0.058255507
5110517,0.071301591
5110518,0.038503588
5110519,0.032580458
5110520,0.006121763
5110522,0.053659163
5110523,0.044770686
5110524,0.029945078
5110526,-0.019140554
5110528,0.048255094
5110530,-0.00332426
5110531,0.03245506
5110532,-0.021703147
5110533,0.027004961
5110534,0.056548402
5110536,0.026112588
5110537,-0.005327885
5110538,0.070083886
5110539,0.065485106
5110540,0.082107572
5110541,0.032052831
5110542,0.039507928
5110543,-0.00197133
5110544,0.04580672
5110545,0.067316663
5110546,0.053590544
5110547,0.049228209
5110548,0.042639507
5110549,0.054736778
5110550,-0.026679355
5110601,-0.014085801
5110701,0.051587432
5110703,0.044815691
5110704,0.015825116
5110705,0.031613251
5110706,0.041851219
5110707,0.059508055
5110708,0.059357875
5110709,0.060292212
5110710,0.046260141
5110711,0.00975873
5110712,0.005094132
5110713,0.052727561
5110714,0.022897042
5110719,0.064437538
5110720,0.056869793
5110721,0.059719216
5110722,0.051238283
5110723,-0.01496491
5110724,-0.008883601
5110726,0.062053875
5110727,0.052619884
5110728,0.070921288
5110729,0.0359992
5110730,0.063199897
5110731,0.047428262
5110732,0.084332498
5110733,0.065815578
5110734,0.060196301
5110735,0.049273464
5110736,0.004555739
5110737,0.048374031
5110801,0.057920192
5110802,0.08517933
5110803,-0.080737259
5110806,0.017273972
5110807,0.084584324
5110808,-0.023595201
5110810,0.005263871
5110811,0.021081945
5110812,0.056722287
5110813,0.018891322
5110814,0.070781814
5110816,0.01858255
5110817,0.028412656
5110818,0.037912751
5110819,0.046300385
5110820,0.039332889
5110821,0.073022264
5110822,0.046618611
5110823,0.017164714
5110824,-0.001736434
5110825,0.0094548
5110826,0.027972427
5110828,-0.021006675
5110829,-0.016208106
5110830,0.018776353
5110831,-0.021277835
5110832,-0.018013919
5110833,0.002163685
5110834,0.023517888
5110835,-0.077869822
5110837,0.001432396
5110838,-0.017348789
5110839,0.033863604
5110840,0.026600402
5110841,0.021084111
5110842,0.020799416
5110843,0.061329424
5110844,0.067757311
5110845,0.034027187
5110846,-0.014659961
5110847,0.049245613
5110848,0.064952959
5110849,0.057528569
5110850,0.075818621
5110851,0.066791396
5110852,-0.021083643
5110853,0.074392164
5110854,-0.045165361
5110855,0.087055604
5110856,0.066717202
5110857,0.057144347
5110858,0.085578857
5110859,0.059934036
5110860,0.055561131
5110861,0.067402693
5110862,0.019818597
5110863,0.080937785
5125501,0.022841429
5125502,0.070360006
5125503,-0.003771798
5125504,0.088593293
5125505,0.043182623
5125506,0.027646713
5125507,0.043478349
5125508,0.056293205
5125509,0.067651194
5125510,-0.007260712
5125511,0.052738247
5125601,0.019822471
5125602,0.003996771
5125603,-0.005102881
5125701,0.014221027
5125702,-0.00261832
5125703,0.022716104
5125704,0.007710117
5125705,0.02360405
5125706,0.012136584
5125707,0.013757704
5125801,0.016873703
5125802,0.02591336
5125803,0.024571437
5125804,-0.018316808
5125805,-0.03033531
5125806,0.037978763
5125807,-0.059218324
5125808,0.020474988
5125809,0.020928464
5125810,-0.017450531
5125811,-0.007977836
5125812,-7.60E-04
5125813,-0.0087149
5125814,0.064253545
5125815,0.005864276
5125816,0.018290176
5125817,0.053862765
5125818,0.055786246
5111001,0.036207676
5111002,0.027548422
5111003,0.052064509
5111004,0.044696117
5111006,0.053592317
5111007,-0.009714546
5111009,0.024396376
5111010,0.043573404
5111011,0.00752665
5111013,0.001674979
5111015,0.030472088
5111016,0.049398776
5111018,0.007572313
5111019,1.22E-04
5111020,0.011576267
5111021,0.025151532
5111022,0.027107921
5111023,0.023265419
5111024,-0.02074532
5111025,0.010574476
5111026,-0.014133385
5111027,-0.005130105
5111028,-0.041719608
5111029,0.021244731
5111030,0.010361243
5111031,0.003389538
5111032,-0.010232269
5111033,0.009727873
5111034,-0.014336962
5111035,-0.008742142
5111036,0.024259406
5111037,0.034569111
5111038,0.025335444
5111039,0.071518169
5111040,0.023538373
5111041,0.045580316
5111042,0.052437624
5111043,0.067023867
5111044,0.022266782
5111045,0.013035199
5111046,0.006634666
5111047,0.005184637
5111101,-0.106536029
5111201,0.002734732
5111202,0.027358078
5111203,0.02447355
5111204,0.031623978
5111205,0.034614302
5111206,0.029843065
5111207,0.037385717
5111208,0.033402711
5111209,0.014198565
5111210,0.019812457
5111211,0.052393104
5111212,0.040420612
5111213,0.0225159
5111215,-0.002347605
5111216,0.05566573
5111217,0.052477777
5111301,-0.00197219
5111302,0.009709767
5111303,0.040098474
5111311,0.072465346
5111312,0.045844665
5111313,0.066418028
5111314,0.045941896
5111315,0.030639205
5111316,0.085833153
5111317,0.033924581
5111318,0.080498301
5111319,0.009415501
5111320,0.066477123
5111321,-0.012992957
5111322,0.07792098
5111323,0.021788699
5111324,0.067568559
5111325,0.087959571
5111326,0.039651648
5111327,0.044152521
5111328,-0.039023686
5111329,0.05784514
5111330,0.085115598
5111331,0.07413283
5111332,0.028161264
5111333,0.038742613
5111334,0.061455727
5111335,0.050696402
5111336,0.005787516
5111337,0.052792253
5111401,-0.037592033
5111402,-0.072939164
5111403,0.043978673
5111404,-0.006141116
5111405,0.022113355
5111406,0.009396403
5111407,-0.006787643
5111408,-0.039897081
5111409,-0.022991879
5111410,0.001681717
5111411,0.027690517
5111412,0.048717251
5111413,0.025882863
5111414,0.047438368
5111415,0.022250979
5111416,0.029139708
5111417,0.029390523
5111418,-0.067964898
5111419,0.055149978
5111420,-0.04474659
5111421,-0.043600983
5111422,-0.029928928
5111423,-0.051424592
5111424,-0.078105176
5111425,0.004430876
5111426,0.003923813
5111501,-0.102813761
5111503,-0.064598267
5111504,-0.034439456
5111506,-0.0813285
5111507,-0.029628358
5111508,-0.106063416
5111509,-0.125792128
5111510,0.004674259
5111511,-0.034185724
5111512,-0.048735249
5111513,-0.069475852
5111514,-0.014358646
5111515,-0.015708057
5111516,-0.036995777
5111517,-0.047254924
5111518,-0.07861825
5111519,-0.013144141
5111520,-0.015012174
5111521,0.014601982
5111601,-0.108094996
5111602,-0.139233976
5111603,-0.121137812
5111604,-0.097594574
5111605,-0.084065759
5111606,-0.122431886
5111607,-0.062632675
5111608,-0.122794305
5111609,-0.121521629
5111610,-0.104047058
5111611,-0.095154593
5111612,-0.122263543
5111613,-0.082134699
5111614,-0.106758044
5111615,-0.053970562
5111616,-0.088177443
5111617,-0.082346115
5111618,-0.11562481
5111701,0.052250432
5111703,0.025516275
5111704,0.012496379
5111706,0.014772045
5111708,-0.005513635
5111709,0.038770473
5111710,0.022498847
5111711,0.009094306
5111712,0.050716089
5111713,-0.021469685
5111714,0.044553981
5111715,0.0282989
5111716,0.028452076
5111717,0.027035956
5111718,0.039537291
5111719,0.029277644
5111720,0.047355161
5111721,0.047044111
5111722,0.071470423
5111723,0.06460652
5111724,0.054483249
5111725,0.052030022
5111726,0.048178227
5111801,0.059038623
5111802,0.025945093
5111803,0.048975962
5111804,0.019520553
5111805,0.012497442
5111806,0.022049281
5111807,0.075123553
5111808,-0.036373615
5111809,-0.02989993
5111810,-0.003586677
5111811,-0.042886599
5111812,0.045554399
5111813,0.039547606
5111814,0.037532674
5111815,-0.017974976
5111816,0.021037114
5111817,0.032401592
5111818,0.038051461
5111819,0.010541488
5111820,0.017492542
5111821,0.024637225
5111822,0.017657907
5111823,-1.91E-04
5111824,0.008708221
5111825,0.003926597
5111901,0.041520996
5111902,0.023412969
5111903,0.053537987
5111904,0.026036185
5111905,0.08883125
5111906,0.087399924
5111907,0.018347755
5111908,0.014849039
5111909,0.045795906
5111910,0.032569835
5111911,0.04740497
5111912,0.023225123
5111913,0.033858697
5111914,0.007085345
5111915,0.052175304
5111916,0.027213944
5111917,-0.002588805
5111918,0.027253953
5111919,0.027998127
5111920,0.042870236
5111921,-0.03630728
5111922,0.049446034
5111923,0.050270139
5111924,0.048966648
5111925,0.008340149
5111926,0.02435012
5111927,0.028345516
5111928,0.046137679
5111929,0.03310121
5111930,0.044561136
5111931,0.025006722
5111932,-0.004350099
5111933,0.029759913
5111934,0.044723111
5111935,0.017558923
5111936,0.053267334
5111937,0.038049812
5111938,0.042917403
5111939,0.058416398
5111940,0.028715981
5112001,0.072440846
5112102,0.044649216
5112201,0.00818262
5112202,-0.021154169
5112203,3.23E-04
5112204,0.015073497
5112205,0.035050161
5112207,0.004166579
5112209,0.01549506
5112210,-0.044075953
5112211,0.044577663
5112212,0.030966667
5112214,0.031895192
5112215,0.011841027
5112216,0.021444527
5112217,0.051901357
5112218,0.042062416
5112219,0.066418484
5112220,0.041496351
5112222,-0.030073176
5112223,0.043518069
5112224,0.026180413
5112225,0.024521548
5112226,0.019191396
5112227,0.012913026
5112228,0.033273137
5112229,0.038957645
5112230,0.024686398
5112231,0.031247908
5112232,0.035107319
5112233,0.014466516
5112234,0.020203632
5112235,0.020989893
5112236,0.022668204
5112237,0.0273671
5112238,-0.027541791
5112241,0.003290466
5112242,0.002898778
5112243,-0.018763853
5112244,0.018393617
5112245,0.02908899
5112246,0.013041068
5112247,-0.043434567
5112248,-0.068464259
5112249,-0.040115662
5112250,0.026210665
5112251,0.021244574
5112252,0.042471874
5112253,-0.037844541
5112254,0.0368588
5112255,0.042055127
5112256,0.008516928
5112257,0.056098785
5112258,0.008761799
5112259,-0.018472677
5112260,0.038669332
5112261,0.045470239
5112301,0.027079946
5112302,-0.005039517
5112303,-0.00571853
5112304,0.028354942
5112305,0.007898321
5112306,-0.005569491
5112307,0.049647055
5112308,-0.00234011
5112309,0.017040497
5112311,-0.016240708
5112312,0.036473256
5112313,0.011105315
5112314,0.019085681
5112315,0.023197818
5112316,0.030460896
5112317,0.053783346
5112318,0.047911532
5112319,0.052921364
5112320,0.047261848
5112321,0.021191816
5112322,0.018180384
5112323,0.038741918
5112324,0.028986186
5112325,0.059331918
5112326,0.017222106
5112327,0.025352607
5112328,0.028141207
5112329,0.003480012
5112330,-0.025348367
5112331,-0.089790472
5112332,-0.008047075
5112333,0.01198093
5112334,0.036873454
5112335,-0.077398907
5112336,-0.046121052
5112337,-0.056802838
5112401,0.017284908
5112402,0.025661272
5112403,0.044535358
5112404,0.075154396
5112405,0.035520626
5112406,0.02087132
5112407,0.050013516
5112408,0.054125488
5112410,0.022972678
5112411,0.041200042
5112412,-0.033609919
5112413,-0.065987243
5112414,0.00374594
5112415,0.014048772
5112416,6.63E-05
5112417,0.012448495
5112418,0.011976796
5112419,0.05545309
5112421,-0.039747234
5112422,0.047724394
5112423,0.040239833
5112424,0.006295136
5112426,0.053092691
5112427,0.022028133
5112429,0.006777504
5112430,0.031096096
5112431,0.060734006
5112432,0.053478924
5112433,0.038014065
5112434,-0.036782316
5112435,0.04549257
5112436,0.021344769
5112437,0.057064273
5112438,0.008183353
5112439,0.046406644
5112440,0.040911971
5112441,0.042512591
5112442,0.03912001
5112443,0.051223072
5112444,0.015235944
5112445,0.0417806
5112446,-0.014738356
5112447,0.064626095
5112501,0.043239842
5112502,0.076706489
5112504,0.02242129
5112505,0.048772259
5112506,0.017738835
5112507,0.050688577
5112509,0.003659455
5112510,0.021082341
5112511,0.075989905
5112512,0.058505934
5112513,0.055128999
5112514,0.067308419
5112515,0.050302292
5112516,0.047951875
5112517,0.02600833
5112518,0.053235952
5112519,0.017739641
5112520,0.018153061
5112521,0.05874139
5112522,0.050649922
5112524,0.076765932
5112525,0.061224381
5112526,0.061582722
5112527,0.007056908
5112528,0.036084565
5112529,-0.010978885
5112601,0.102564769
5112701,0.023528474
5112702,0.03359904
5112704,0.01825717
5112706,0.051458719
5112707,0.040474444
5112708,0.044330612
5112714,0.067830426
5112715,0.041727999
5112716,0.056109105
5112718,0.023799185
5112719,0.053860144
5112720,0.026620617
5112721,0.032579529
5112722,0.047082156
5112723,0.045167611
5112724,-1.89E-04
5112725,-0.001479534
5112726,0.056335433
5112727,0.059450362
5112728,0.069344798
5112729,0.063885195
5112730,0.044958071
5112731,0.040971977
5112732,0.03846049
5112733,0.056591629
5112734,0.045275167
5112735,0.050908592
5112736,-0.027363638
5112737,0.066177021
5112738,0.0257542
5112739,0.045665656
5112740,0.007496801
5112741,0.040801955
5112742,0.027643757
5112801,0.009332386
5112802,0.032193074
5112803,0.024819403
5112804,0.035457741
5112805,0.006658908
5112806,2.59E-04
5112807,-0.042914985
5112808,-0.128694719
5112809,-0.027127673
5112810,-0.012051925
5112811,-0.0261518
5112812,0.036353182
5112813,0.032837262
5112814,-0.023268608
5112815,-0.040541562
5112816,0.007426597
5112818,0.027680605
5112819,0.030244036
5112820,0.010261462
5112821,-0.034886996
5112822,0.019818441
5112823,0.012775712
5112824,0.02431283
5112825,0.008539581
5112826,0.021276197
5112827,0.033853923
5112828,0.016309638
5112829,-0.049439028
5112830,0.002806115
5112831,0.028063959
5112832,0.023914215
5112833,0.061530256
5112834,-0.016342989
5112835,0.023300421
5112836,-0.023014697
5112837,-0.003123299
5112901,0.013788149
5112902,-0.019068211
5112903,0.019398247
5112904,-0.00107607
5112905,-0.001066799
5112906,-2.16E-04
5112907,-0.00368003
5112908,0.033191284
5112909,0.010951316
5112910,-0.013713646
5112911,0.002966339
5112912,0.021567644
5112913,8.71E-04
5112914,0.021850275
5112915,-0.010216378
5112916,-0.020899165
5112917,-0.021382085
5112918,-0.008521411
5112919,0.019236002
5112920,-0.042115856
5112921,-0.004400861
5112922,0.019529406
5112923,0.005236984
5112924,0.045949128
5112925,-0.019328112
5112926,-0.047291712
5112927,0.006980166
5112928,-0.008400576
5112929,0.051483837
5112930,-0.016413667
5112931,-0.007936503
5112932,0.016845236
5112933,0.033607572
5113001,0.088425273
5113101,0.007767772
5113102,-0.05429409
5113103,0.080314717
5113104,-0.012107321
5113105,-0.025710401
5113106,0.014593022
5113107,0.015666061
5113108,0.045255155
5113109,0.012349138
5113110,0.007303399
5113111,0.026896247
5113112,-0.027969808
5113113,0.018763429
5113114,0.025423647
5113115,-0.002011544
5113116,0.015051779
5113117,-0.013547553
5113118,0.03559821
5113119,0.026101887
5113120,-0.002894368
5113121,0.026360509
5113122,0.042248067
5113123,0.008211189
5113124,0.018748118
5113125,0.037399629
5113126,0.021374774
5113127,-0.012798406
5113128,0.012569016
5113129,0.018246332
5113130,0.015061111
5113131,0.01791553
5113132,-0.009622915
5113133,0.012065599
5113134,0.019186162
5113135,0.003143085
5113136,-0.029141693
5113137,-8.31E-04
5113138,0.021929885
5113139,-0.042493081
5113201,0.036605064
5113202,0.032406284
5113203,0.038046862
5113204,-0.006745155
5113205,-0.007338291
5113206,0.02876653
5113207,-0.02478603
5113208,-0.002912279
5113209,0.083909625
5113210,0.008450878
5113211,0.039382435
5113212,0.078927096
5113213,0.003164637
5113214,0.016617761
5113215,-0.056572976
5113216,0.002665589
5113217,0.042346558
5113218,0.025715649
5113219,-0.020930704
5113220,0.035589953
5113221,0.063379856
5113222,0.026471331
5113223,0.009166997
5113224,0.055414625
5113225,0.013856298
5113226,0.003153886
5113227,0.04052617
5113228,0.029691781
5113229,0.034597875
5113231,0.048938782
5113232,0.014882564
5113234,0.029405225
5113235,0.004216713
5113236,0.035486846
5113237,0.017067976
5113238,0.027264116
5113239,-0.031225517
5113240,0.041719701
5113241,0.027227642
5113242,0.043204799
5113243,-0.054716253
5113244,0.017489141
5113245,0.047688732
5113246,0.00300611
5113247,0.011454284
5113301,0.041025771
5113303,0.07984213
5113305,0.057519939
5113306,0.007162429
5113307,0.071908087
5113309,0.05572408
5113310,0.066618625
5113311,0.005159155
5113312,0.058618338
5113313,0.071815
5113316,0.096232907
5113317,-0.005368415
5113322,0.079332526
5113323,0.04663861
5113324,0.070430752
5113325,0.088142317
5113326,0.081911163
5113327,0.076502793
5113328,0.073427394
5113329,0.039669294
5113331,0.065935144
5113332,0.094230614
5113334,-0.144291098
5113335,0.045027823
5113336,0.077950275
5113337,0.056143554
5113338,0.052311764
5113339,0.08069936
5113340,0.064123527
5113341,0.04811045
5113342,0.037174836
5113343,0.064712791
5113344,0.093093747
5113345,0.119849709
5113346,0.034195499
5113347,0.054115506
5113348,0.020640337
5113349,0.097441788
5113350,0.039385079
5113351,0.084324785
5113352,0.034504883
5113353,0.081678696
5113354,0.025499419
5113355,0.085054925
5113356,0.065046516
5113357,0.063807385
5113358,0.069533693
5113359,0.07568115
5113360,0.071671948
5113361,0.058149437
5113401,0.012383714
5113402,0.026368952
5113403,0.049711176
5113404,0.02482449
5113405,0.030602744
5113406,0.035482038
5113407,0.007511814
5113408,-0.023342402
5113409,0.041605684
5113410,0.051456697
5113411,0.026232391
5113412,-1.99E-04
5113413,0.026420517
5113415,0.08434893
5113417,0.044397528
5113418,-0.019550462
5113419,-0.01314769
5113420,-0.005931536
5113421,0.001519735
5113422,0.027867356
5113423,-0.01286991
5113424,0.048646088
5113425,0.001790872
5113426,0.050476754
5113427,0.062807687
5113428,0.032959274
5113429,0.065598228
5113430,0.035246306
5113431,-0.015792723
5113432,0.021272094
5113434,0.033023129
5113435,0.03278354
5113436,0.026819994
5113437,0.070847531
5113438,0.058887245
5113439,0.062123395
5113440,0.060092451
5113442,0.021425603
5113443,0.028529852
5113444,0.067053337
5113445,0.039070189
5113446,0.065648198
5113447,0.090198421
5113448,0.074704865
5113449,0.066472392
5113450,0.031966817
5113451,0.036794896
5113452,0.017576414
5113453,0.018942889
5113454,0.059874972
5113501,0.016934806
5113502,0.075334772
5113503,0.054117059
5113504,0.066446266
5113505,0.036284421
5113507,0.090866055
5113508,0.039983309
5113509,0.096050258
5113510,0.02139053
5113511,0.02820566
5113512,0.011138534
5113513,0.036517907
5113514,0.037498754
5113515,0.090380115
5113517,0.062226931
5113518,0.066922843
5113519,0.060070449
5113520,0.069595791
5113521,-0.035681964
5113523,0.090037408
5113524,-0.028704527
5113525,0.040226323
5113527,0.057349667
5113528,0.081100031
5113529,-0.01361552
5113530,0.045890182
5113531,0.068598602
5113532,0.096888932
5113533,0.092450507
5113534,0.088922525
5113535,0.010371946
5113536,0.080378834
5113537,0.09898026
5113538,0.036311208
5113601,-0.006586928
5113602,0.029365767
5113603,0.021327414
5113604,0.022225732
5113605,-0.028572675
5113606,-0.015460286
5113607,0.01575034
5113608,0.002009105
5113609,0.013117249
5113610,-0.001698589
5113611,0.031307
5113612,0.037144677
5113613,0.02879637
5113614,0.038619062
5113615,0.036802678
5113616,0.029967781
5113617,0.057060519
5113618,0.050188555
5113619,-0.003235425
5113620,0.075220096
5113621,0.056162281
5113622,0.077345837
5113623,-0.06086132
5113624,-0.033851235
5113625,0.026934985
5113626,-0.025390597
5113627,-0.002929775
5113628,-0.02035417
5113629,0.068232858
5113701,0.051735738
5113702,0.058073511
5113703,0.073133117
5113704,-0.026165482
5113705,0.02815476
5113706,-0.016736357
5113707,0.028231059
5113708,0.050324681
5113709,0.021295421
5113710,0.087885195
5113711,0.040603328
5113712,0.065331832
5113713,0.039840461
5113714,0.025358922
5113715,0.032679924
5113716,-0.010789997
5113717,0.023437398
5113718,0.076607998
5113719,0.025910551
5113720,5.38E-04
5113721,0.033450815
5113722,0.05818927
5113723,0.052069531
5113724,0.049047112
5113725,0.049429501
5113726,0.006507969
5113727,-0.001098437
5113728,-0.009312909
5113729,0.003374891
5113730,0.009366392
5113731,0.001328395
5113732,0.028499245
5113733,0.04199712
5113734,0.027752702
5113735,0.029021551
5113736,0.052469244
5113737,-0.056092289
5113738,0.028940293
5113739,0.031651893
5113740,0.026204451
5113741,0.01446385
5113742,0.028722949
5113743,0.047035791
5113744,0.069182906
5113745,0.041757117
5113746,0.016067135
5113747,0.012946085
5113748,-0.04324968
5113749,0.01602312
5113750,0.036662177
5113751,0.057976973
5113752,0.017330244
5113753,0.007917874
5113754,0.029550464
5113755,-0.051699444
5113756,-0.007340786
5113757,0.071725628
5113758,0.077935353
5113759,-0.052304915
5113801,0.031768777
5113803,0.024083606
5113804,0.047391237
5113806,0.065560468
5113807,0.03096783
5113808,-0.052013612
5113809,-0.045087121
5113810,0.003312694
5113811,-0.026426006
5113812,-0.011816466
5113813,-0.011371531
5113814,0.015708627
5113815,-0.006777587
5113816,0.004924192
5113817,-0.117570834
5113818,0.024483956
5113819,0.002735538
5113820,-0.008633801
5113821,-0.001513062
5113822,0.008924485
5113823,5.57E-04
5113824,-0.025252063
5113825,0.00637058
5113826,0.01640749
5113827,-0.038031039
5113828,-0.052059075
5113831,-0.028906268
5113832,-0.006395349
5113833,1.39E-04
5113834,0.007739412
5113835,-0.009526009
5113836,-0.003351642
5113837,-0.008786146
5113838,0.064553383
5113839,0.005177023
5113840,0.014304919
5113841,0.018806935
5113842,0.058305677
5113843,0.019727608
5113844,0.015896208
5113845,0.041426695
5113846,0.038306636
5113847,0.045675097
5113848,0.019478239
5113901,0.040908406
5113902,0.016089432
5113903,-0.004803708
5113904,0.01994657
5113907,0.034845881
5113908,0.045648382
5113909,0.037459672
5113910,0.072597417
5113911,0.028083719
5113913,-0.007222379
5113914,0.009537145
5113915,0.007216229
5113916,-0.007534287
5113917,-0.059015902
5113918,0.008687994
5113919,0.010681056
5113920,0.015016039
5113921,0.05378214
5113922,0.011293964
5113923,-0.00879159
5113924,0.005846351
5113925,0.027368185
5113926,0.062567641
5113927,0.079304315
5113928,0.08401802
5113929,0.073318389
5113930,-0.014748692
5113931,0.057210644
5114001,-0.084464904
5114002,-0.029490893
5114003,0.026802682
5114004,-0.04470407
5114005,-0.021175266
5114006,-0.037390462
5114007,-0.023634781
5114008,-0.067023189
5114009,-0.121726098
5114010,-0.07586695
5114011,-0.092725036
5114012,-0.03050837
5114013,-0.05309155
5114014,-0.121151889
5114015,-0.048279864
5114016,0.023269406
5114017,-0.034059729
5114018,-0.024394144
5114019,-0.087932991
5114020,-0.07247016
5114021,-0.021574325
5114022,-0.050069544
5114023,0.037290974
5114024,-0.077729661
5114025,-0.069459909
5114026,-0.088444232
5114027,-0.042903404
5114028,-0.101936189
5114029,-0.036665843
5114030,-0.04566471
5114031,-0.071087939
5114032,-0.063078604
5114033,-0.089791818
5114034,-0.092206988
5114035,0.003312091
5114101,-0.148692037
5114102,-0.065583142
5114103,-0.041502915
5114104,-0.035710988
5114105,-0.015605199
5114106,-0.011120105
5114107,-0.020176376
5114108,-0.025585673
5114109,-0.05144917
5114110,-0.046016622
5114111,-0.038674375
5114112,0.021070973
5114113,-0.068372549
5114114,-0.110441399
5114115,-0.072329169
5114116,-0.081357087
5114117,-0.0825446
5114118,-0.098103004
5114119,-0.032620217
5114120,-0.045713931
5114121,-0.02589044
5114122,-0.100495894
5114123,-0.0758804
5114124,-0.086880851
5114125,-0.06196383
5114126,-0.04971839
5114127,-0.06445804
5114128,-0.085522995
5114129,-0.103353244
5114130,-0.107428952
5114131,-0.10951646
5114132,-0.031602786
5114133,-0.069437756
5114201,-0.015096557
5114205,0.004970679
5114206,0.002196222
5114207,-0.032218121
5114208,-0.008582112
5114210,-0.011507841
5114211,-0.003007225
5114212,-0.007860286
5114213,2.49E-04
5114214,0.050745823
5114215,0.055375563
5114216,0.057312373
5114217,0.058816448
5114218,0.050585554
5114219,-0.052182396
5114220,0.068367614
5114221,0.029445761
5114222,0.038511767
5114223,0.058614267
5114224,0.006879036
5114225,0.046730202
5114226,0.05484016
5114227,0.068122029
5114228,0.064616151
5114229,0.068256233
5114230,0.044969273
5114231,0.041576782
5114232,-8.55E-04
5114233,0.0622212
5114234,0.04400045
5114235,-0.005842733
5114301,0.084985185
5114302,0.056738868
5114303,0.051058168
5114304,0.026446988
5114305,0.010741924
5114306,-0.104278056
5114307,0.040726297
5114308,0.037474419
5114309,-0.001004384
5114310,0.023243969
5114311,0.009156298
5114312,0.047157374
5114313,-0.013600883
5114314,-0.041646851
5114315,-0.015721782
5114401,-0.007583905
5114402,0.013107079
5114403,-0.008975128
5114404,0.012494375
5114405,-0.002769221
5114406,-0.017246556
5114407,0.050686855
5114408,0.007180538
5114409,-0.065344146
5114410,-0.120099587
5114411,-0.037701687
5114412,-0.066008595
5114413,-0.011935029
5114501,-0.029000036
5114502,0.027404536
5114503,0.030136573
5114504,-0.00991969
5114505,-0.00289218
5114506,0.035544957
5114507,0.028281078
5114508,0.046865039
5114509,-0.010492688
5114510,-0.015837446
5114511,0.011137409
5114512,-0.010679172
5114513,0.024614149
5114514,0.012427437
5114515,0.024679123
5114516,-0.035375997
5114517,0.020501356
5114518,0.019977329
5114519,0.039148273
5114520,-0.004469648
5114521,0.033993336
5114522,-0.036409773
5114523,-0.014127635
5114524,0.001895883
5114525,0.026823303
5114526,0.015756732
5114527,0.006536023
5114528,0.010633767
5114529,0.012137959
5114530,0.022430958
5114531,-0.12725857
5114601,0.040407659
5114602,-0.023150512
5114603,0.013901559
5114604,0.002535355
5114605,0.032685928
5114606,-0.002314075
5114607,-0.009208556
5114608,0.02759373
5114609,0.008164122
5114610,-0.005451324
5114611,0.023959224
5114612,-0.04153915
5114613,0.0223944
5114614,0.003019994
5114615,0.008294791
5114616,0.001709936
5114617,0.004837897
5114618,0.004279038
5114619,-0.024572642
5114620,4.21E-04
5114621,-0.033954422
5114622,0.01909843
5114623,0.0134418
5114624,0.003251682
5114625,-0.033005763
5114626,0.031871518
5114627,-0.024189664
5114628,-0.107685763
5114629,-0.042221929
5114630,-0.024902741
5114701,-0.09553517
5114702,-0.117898269
5114703,0.003662199
5114704,6.22E-04
5114705,-0.035663351
5114706,-0.002731989
5114707,-0.014111106
5114708,0.01347244
5114709,-0.122342807
5114710,-0.005908048
5114711,-0.057707676
5114712,0.02971041
5114713,-0.017111552
5114714,-0.0107138
5114715,0.003689619
5114716,0.020334719
5114717,-0.080443945
5114718,0.003316148
5114719,-0.019442444
5114720,0.016755445
5114721,0.01909194
5114722,-0.087218052
5114723,-0.01662199
5114724,-0.011187112
5114725,-0.016428783
5114726,-0.005527826
5114727,-0.045195012
5114728,-0.021453258
5114729,-0.052203992
5114730,-0.044826122
5114731,-0.024786415
5114732,-0.03197047
5114733,-0.031809538
5114734,-0.019924877
5114735,-0.007190835
5114736,-0.01125657
5114737,0.014112963
5114738,-0.204533374
5114739,-0.012620421
5114740,-0.010654467
5114741,0.019902199
5114742,-1.70E-04
5114743,-0.018343765
5114803,-0.005123186
5114806,0.069961478
5114807,0.054425301
5114808,-0.036105906
5114809,0.037683101
5114810,0.009285855
5114811,0.005474937
5114812,0.038883786
5114813,-0.021306757
5114814,0.032147848
5114815,0.067258889
5114816,0.063933713
5114817,0.013069277
5114818,0.026273419
5114819,0.037410803
5114820,0.078916643
5114821,0.067701173
5114822,0.062532696
5114823,0.07071356
5114824,0.040501124
5114825,0.062130492
5114826,0.066995807
5114827,0.06640662
5114828,0.022997062
5114829,0.076138678
5114830,-0.033373998
5114831,0.084951581
5114832,0.067927534
5114833,0.002162392
5114834,0.036140472
5114835,0.055385755
5114836,0.071015556
5114837,0.080367199
5115001,0.066996501
5115101,-0.084803652
5115202,0.058279413
5115203,-0.006389046
5115204,0.047697124
5115205,-0.043026862
5115206,0.018335671
5115207,-0.002997083
5115208,0.052031882
5115209,-0.02271045
5115210,-0.030570111
5115211,0.009918297
5115212,0.086044785
5115213,-0.003718031
5115214,0.041695978
5115215,0.034176541
5115216,0.05204336
5115217,-0.024228067
5115218,0.063525998
5115301,0.007261365
5115302,5.23E-04
5115303,0.038021375
5115304,-0.033239646
5115305,0.004613087
5115306,0.010641221
5115307,0.008873764
5115308,0.01588332
5115309,9.93E-04
5115310,1.22E-04
5115311,-0.025950952
5115312,0.033934556
5115313,0.009693343
5115314,0.031466803
5115315,0.026883366
5115316,-0.0026326
5115317,5.36E-04
5115318,-0.021779766
5115319,0.03075775
5115320,0.012161487
5115401,0.003402803
5115402,0.046203705
5115403,0.02179173
5115404,0.005509516
5115405,0.02321955
5115406,0.055464672
5115407,0.018465019
5115408,0.023257182
5115409,0.0412082
5115410,0.036531489
5115411,0.019366154
5115412,-0.014905359
5115413,-0.009366837
5115414,-0.007615315
5115415,-0.058384046
5115416,0.003000171
5115417,0.040111913
5115418,0.015221104
5115419,0.025016847
5115420,0.020282307
5115421,0.028405926
5115501,-0.030690035
5115801,0.02492866
5115802,0.046468303
5115803,0.019930889
5115901,0.033866428
5115902,0.018981468
5115903,0.019054656
5115904,-0.002274848
5115905,0.028705723
5115906,0.05452358
5115907,0.006183853
5115908,0.024963645
5115909,0.037151651
5115910,0.016787889
5115911,0.040939483
5115912,0.045588864
5115913,0.046513981
5115914,0.023632355
5115915,0.037312861
5115916,0.063675076
5115917,0.043816629
5115918,-0.007814631
5115919,-0.003207877
5115920,0.051162171
5115921,0.053001095
5115922,0.065643467
5115923,0.020368706
5115924,-0.020661346
5115925,0.056972263
5116001,0.031543865
5116002,0.027668397
5116003,0.030259573
5116004,-0.012608988
5116005,-0.010938975
5116006,0.060857601
5116007,0.050861329
5116008,0.071450698
5116009,0.065772287
5116010,0.065202337
5116011,0.046294486
5116012,-0.033509766
5116013,0.01251302
5116014,-0.031177633
5116015,-0.054559141
5116016,0.044660324
5116017,0.036533269
5116018,0.026604996
5116019,-0.013110949
5116020,0.01055714
5116021,0.02853933
5116022,0.059977165
5116023,0.042506563
5116101,0.022184833
5116102,0.097760245
5116103,-0.049379578
5116105,0.062667194
5116106,0.086295038
5116107,0.006900331
5116108,0.036976763
5116110,0.057383513
5116112,0.025684916
5116114,0.067205804
5116115,0.072169778
5116116,0.060991012
5116117,0.054300399
5116118,0.028089154
5116119,0.044282848
5116120,0.088524516
5116121,0.06628865
5116122,0.074670003
5116123,0.061422497
5116124,0.01306992
5116125,0.022949022
5116126,0.030507885
5116127,0.05077718
5116128,0.04263475
5116129,0.057413866
5116130,0.06024041
5116131,-0.016962078
5116132,0.059297668
5116133,0.043773667
5116301,0.038497952
5116302,0.1024639
5116303,0.077328374
5116304,-0.030320153
5116305,0.067510704
5116306,0.104759301
5116307,0.016864392
5116308,-0.02783665
5116309,0.021383771
5116310,0.008841791
5116311,0.042458024
5116312,0.041465018
5116313,-0.023663265
5116314,0.039564894
5116315,0.002373281
5116316,0.052425135
5116317,0.030805402
5116318,0.039745545
5125901,0.04508998
5125902,0.036075014
5125903,0.018860315
5125904,0.021728961
5125905,0.045303777
5125906,0.093838615
5125907,0.054108386
5125908,0.037430432
5125909,0.015640019
5125910,0.045649802
5125911,0.051365189
5125912,0.046288843
5125913,-0.00904931
5125914,-0.06485838
5125915,0.033690767
5125916,0.056894864
5125917,0.066825884
5126001,0.032017506
5126002,0.042813477
5126003,0.073681181
5126004,0.059151573
5126005,0.010771383
5126006,0.062721734
5126007,-0.010863005
5126008,0.058149558
5126009,0.062443844
5116401,-0.037368052
5116402,-0.021181527
5116403,-0.009531047
5116404,-0.005674278
5116405,-0.023230403
5116406,-0.030515223
5116407,0.004102015
5116408,0.005503619
5116409,-0.025078311
5116410,-0.016516107
5116411,0.015970019
5116412,-0.010169073
5116413,-0.00681698
5116414,-0.011907145
5116415,0.001267511
5116416,0.001848345
5116417,-0.032911712
5116501,-0.164329588
5116502,0.017326889
5116503,-0.032277877
5116504,-0.001021798
5116505,0.002007855
5116506,0.010032474
5116507,-0.005338416
5116508,0.019593065
5116509,0.044421147
5116510,0.001551226
5116511,0.04266446
5116512,0.046303198
5116513,0.055746212
5116514,0.070547958
5116515,0.016288575
5116516,0.011499089
5116517,-0.006329695
5116518,-0.010343792
5116519,0.025165359
5116520,-0.023586932
5116521,-0.030980634
5116522,-0.014153432
5116523,-0.060789087
5116524,0.035335922
5116525,-0.007507526
5116526,0.018841565
5116527,0.029846398
5116528,0.009904469
5116529,-0.004043729
5116530,-0.018251753
5116531,0.030870589
5116532,0.027518967
5116601,-0.034157076
5116602,-0.027536263
5116603,0.049362044
5116604,0.012715874
5116605,0.034660874
5116606,-0.146600693
5116607,0.045837671
5116608,0.012513091
5116609,0.020869768
5116610,0.02848648
5116611,0.005373855
5116612,0.018431406
5116613,0.028922354
5116614,-0.002702105
5116615,0.004542669
5116616,0.019839025
5116617,0.042339913
5116618,0.031094412
5116619,0.007233701
5116620,-0.00418366
5116621,0.055844891
5116622,-0.00844188
5116623,-0.012751778
5116624,-0.029361728
5116625,-0.014439853
5116626,0.039079772
5116627,0.005078047
5116628,-0.031453183
5116629,0.053447309
5116630,0.017095757
5116631,0.001143467
5116632,0.032613312
5116633,0.025975895
5116634,0.034771491
5116635,0.002728616
5116636,-0.072208296
5116701,0.121028874
5116702,0.103996703
5116902,0.053513558
5116903,0.054754363
5116904,0.05475226
5116905,-0.093506334
5116906,-0.017697305
5116907,0.055596709
5116908,-0.055975967
5116910,0.05990394
5116912,0.044981595
5116913,0.037011147
5116914,0.05238758
5116916,-0.021762671
5116917,-0.013696493
5116918,0.075961341
5116919,0.070424802
5116920,-0.059184475
5116921,0.052170025
5116922,-0.062462862
5116923,0.050462695
5116924,0.007840593
5116925,0.030028446
5116926,0.058053156
5116927,0.039428428
5117001,0.050161893
5117002,-0.105889035
5117003,-0.023369982
5117004,0.00208072
5117005,-0.020525855
5117006,-0.035403628
5117007,-0.075852873
5117008,-0.037901512
5117009,-0.002410092
5117010,0.050928674
5117011,0.019321003
5117012,0.030881727
5117013,0.041501522
5117014,0.00687086
5117016,0.004351387
5117017,-0.100252665
5117018,-0.028378122
5117019,-0.002402026
5117201,-0.052267287
5117202,0.041504888
5117301,0.014396937
5117401,0.041249911
5117402,0.023096468
5117404,0.059926504
5117405,0.006822062
5117406,0.071947649
5117407,0.010456139
5117408,0.017585455
5117409,0.002866424
5117410,0.03480949
5117411,0.009847219
5117412,0.02313891
5117413,0.025139245
5117414,0.029135952
5117415,0.016082919
5117416,0.017384372
5117417,0.017666024
5117418,0.040894231
5117419,0.034974827
5117420,0.071704509
5117421,-0.012400509
5117422,-0.008029072
5117423,0.029972898
5117424,-0.017504673
5117425,0.012405838
5117426,-0.00763779
5117427,-0.033919975
5117428,0.004216061
5117429,0.008563024
5126101,0.003427132
5126102,-0.020830862
5126103,-0.01297465
5126104,0.036296465
5126105,-0.021249556
5126106,-0.010015121
5126107,0.004228056
5126108,0.037748742
5126109,0.037371528
5117501,-0.031851933
5117502,-0.090373479
5117503,0.033434292
5117504,-0.004534395
5117505,0.007326844
5117506,-0.052217477
5117507,-0.028076024
5117508,-0.029620693
5117509,-0.011721643
5117510,-0.029743623
5117511,-0.017481254
5117512,-0.029765648
5117513,-0.012194783
5117514,-0.005491028
5117515,-0.025983149
5117516,0.038206781
5117517,0.004820517
5117518,0.00116546
5117519,0.013705966
5117520,-0.00910884
5117521,0.03015025
5117522,-0.058568601
5117523,0.010765249
5117524,0.028763891
5117601,0.028114702
5117602,0.062610301
5117603,0.018066128
5117604,0.022958218
5117605,-0.003781031
5117606,-0.012327612
5117607,0.035525255
5117608,-0.023550752
5117609,0.038887737
5117701,0.021394771
5117702,0.010254711
5117703,0.03387767
5117704,-0.004753821
5117705,-0.010918401
5117706,-0.026228464
5117707,0.028510382
5117708,-0.009815264
5117709,0.03522381
5117710,1.64E-04
5117711,-0.019767699
5117712,0.02868547
5117713,-0.032229874
5117714,0.031066371
5117715,-0.035812535
5117716,-0.119330301
5117717,1.98E-04
5117718,0.016695296
5117719,0.048516687
5117720,0.02319473
5117721,-2.99E-04
5117722,-0.0089687
5117723,0.018248661
5117724,0.002611042
5117725,0.020044889
5117726,0.014793237
5117727,0.019255083
5117728,0.026556128
5117729,0.065396522
5117730,0.034578367
5117801,-0.041683525
5117802,0.056751212
5117803,0.037556845
5117804,0.036896641
5117805,0.033514352
5117806,0.003386428
5117807,0.052902859
5117808,-0.004532487
5117809,-0.008053621
5117810,-0.054712984
5117811,0.001926865
5117812,0.024869034
5117813,0.031045199
5117814,-0.058842674
5117815,0.068179303
5117816,0.074912521
5117817,0.070982005
5117818,0.018156123
5117819,0.007093873
5117820,0.018944091
5117821,0.00551879
5117822,0.018796328
5117823,0.029019708
5117824,0.024557317
5117825,0.022064502
5117826,0.019474489
5117827,-0.020301512
5117828,-0.020607037
5117829,-0.011263198
5117830,0.007919273
5117831,0.063818405
5117901,0.04906133
5117902,0.058793731
5117903,0.058068021
5117904,-0.036646934
5117905,0.05867934
5117906,0.007846727
5117907,0.0236552
5117908,0.019945978
5117909,0.047331112
5117910,-0.027653388
5117911,-0.003597235
5117912,0.027730773
5117913,-0.021383722
5117914,0.025828409
5117915,0.020181327
5117916,0.003246589
5117917,0.033495615
5118001,0.056370477
5118002,0.017490513
5118003,0.04123071
5118004,0.019634248
5118005,0.024511421
5118006,0.026445974
5118007,0.040649795
5118008,0.024071467
5118009,0.040408121
5118010,-0.032654632
5118011,0.040039867
5118012,0.041646371
5118013,-0.015434154
5118014,-0.040677645
5118015,0.019013994
5118016,0.016640911
5118017,0.010974536
5118018,-0.001101299
5118019,0.023098218
5118020,-9.10E-04
5118021,0.027083687
5118022,0.027043547
5118023,0.015364347
5118024,0.010584824
5118025,0.025368055
5118026,-0.084139938
5118027,0.08246934
5118028,0.047823378
5118029,0.06781631
5118030,0.043888643
5118031,0.033477772
5118032,0.019285922
5118101,0.039290422
5118102,0.009884935
5118103,0.017379326
5118104,-0.07569385
5118105,-0.067417462
5118106,-0.001803609
5118107,-0.035257193
5118108,-0.027882544
5118109,0.047977127
5118110,0.041886465
5118111,0.008296067
5118112,-0.013193009
5118113,3.68E-04
5118114,-0.049207218
5118115,-0.039368926
5118116,0.02467206
5118117,0.093778111
5118118,0.058134581
5118119,-0.010853951
5118120,0.008938986
5118121,0.008608173
5118122,0.021374162
5118123,-0.03956151
5118124,0.002022415
5118125,-0.013239859
5118126,-6.34E-04
5118127,0.038105489
5118128,-0.026464356
5118129,0.02501519
5118130,0.029335545
5118131,-0.023611188
5118132,-0.053891439
5118201,0.037816017
5118202,0.025803356
5118203,0.010082486
5118204,0.04526265
5118205,0.053383825
5118206,0.03715209
5118207,0.018016857
5118208,0.058134339
5118209,0.00652188
5118210,-0.013866652
5118211,0.021661371
5118212,0.052784896
5118213,-0.015183537
5118214,0.033908797
5118215,0.022678621
5118216,0.013451238
5118217,0.009537316
5118218,0.040786844
5118219,0.045138597
5118220,0.034356472
5118221,0.074694162
5118222,0.065243997
5118223,0.017957082
5118224,0.058176243
5118225,0.034681339
5118226,-0.008952333
5118227,0.048968777
5118228,0.075716195
5118301,0.018703577
5118302,0.023432812
5118303,-0.033232874
5118304,0.021155398
5118305,-0.039535868
5118306,0.028451248
5118307,0.001077109
5118308,0.03333675
5118309,0.014455401
5118310,0.020710295
5118401,0.044410497
5118402,0.073168328
5118403,0.060974195
5118404,0.071165718
5118405,0.058876329
5118406,0.065205794
5118407,-0.048218045
5118408,0.02240357
5118409,0.028987921
5118410,0.061220014
5118411,0.058092496
5118412,-0.010014893
5118413,0.037808845
5118414,0.053463529
5118415,0.02682028
5118416,-0.044960039
5118417,0.031537034
5118418,0.063618181
5118501,0.041202613
5118506,-0.042002323
5118507,-0.090813759
5118508,-0.113355525
5118509,-0.018552255
5118510,-0.021038834
5118511,0.003864618
5118512,0.004990196
5118513,0.034397924
5118516,-8.45E-05
5118517,-0.00604897
5118518,0.055120234
5118519,0.033167221
5118520,0.041645734
5118521,-7.47E-04
5118525,0.036508222
5118526,0.014080061
5118527,0.061247625
5118528,0.076118689
5118529,0.031665793
5118530,0.089225018
5118531,0.074060837
5118532,0.053787012
5118533,0.024259547
5118534,0.076004522
5118535,0.042084922
5118536,0.032646228
5118537,0.06427921
5118538,0.097093911
5118539,0.083703759
5118540,0.045614395
5118541,0.103819028
5118542,0.064829367
5118543,0.075965181
5118544,0.033223438
5118545,0.027698996
5118546,-0.070843082
5118547,0.008109917
5118548,0.022917125
5118549,-0.007930915
5118550,0.057045286
5118551,0.02504368
5118552,0.08726581
5118553,0.073539039
5118554,0.017086044
5118555,0.077648914
5118556,0.003414317
5118557,0.077965042
5118558,0.059217442
5118559,0.044702442
5118560,0.054886508
5118561,0.033157107
5118562,0.063180925
5118601,0.007778348
5118602,0.005805918
5118603,-0.00738006
5118604,-0.008924276
5118605,-0.042213188
5118606,-0.007649696
5118607,0.023174538
5118608,0.011743288
5118609,0.006467826
5118610,0.039214335
5118611,-0.019118782
5118612,-0.024881983
5118613,-0.012733747
5118614,0.032529749
5118615,0.023169956
5118616,-0.01171007
5118617,0.025639746
5118618,-0.026741776
5118619,-0.010049485
5118620,0.00463497
5118621,-0.042994932
5118701,0.030716919
5118702,0.032820006
5118703,0.03166214
5118704,0.040849159
5118705,0.011670251
5118706,0.067128298
5118707,0.026335171
5118708,0.03975578
5118709,0.043306662
5118710,0.005895048
5118711,0.052947197
5118713,0.042343715
5118714,0.040195618
5118715,0.038370971
5118716,0.039736824
5118717,0.05258134
5118718,0.014524056
5118719,0.033126141
5118720,0.049209573
5118722,0.04296903
5118723,-0.008238131
5118724,-0.039176457
5118725,0.034865393
5118726,0.087165333
5118727,-0.014773291
5118728,0.056468859
5118729,-0.012530739
5118730,0.032554356
5118731,0.037157925
5118732,0.033830985
5118734,0.04092708
5118735,0.047414294
5118736,0.023788226
5118737,0.064166202
5118738,0.051910733
5118739,0.025760012
5118740,-0.004288467
5118801,0.019170579
5118802,-0.022445044
5118803,-0.034265707
5118804,0.005082226
5118805,0.001572874
5118806,-0.053030701
5118807,-0.010423827
5118808,-0.050493729
5118809,0.015995074
5118810,-0.04919167
5118811,0.025329454
5118812,-0.029065757
5118813,-0.059030324
5118814,-0.003976708
5118815,-0.038481668
5118816,0.006350586
5118817,0.055552269
5118818,-0.008406928
5118819,-0.074993538
5118820,-0.013891499
5118821,-0.001923965
5118822,-0.039052171
5118823,-0.021100874
5118824,-0.019898641
5118825,0.006953789
5118826,-0.03711288
5118827,-0.020587232
5118828,0.024644998
5118829,-0.017402371
5118830,-0.009137498
5118831,-0.025404467
5118832,0.021165217
5118833,-0.104881257
5118834,-0.055689119
5118835,0.00345045
5118902,-0.082503626
5118903,-0.06874706
5119001,-0.024474237
5119002,-0.05520164
5119003,0.007055715
5119004,-0.010876325
5119005,-0.016304363
5119006,-0.040034336
5119007,-0.016086774
5119008,-0.031969956
5119009,-0.012509531
5119010,-0.002354492
5119011,-0.005129728
5119012,-0.021874627
5119013,-0.036617914
5119014,-0.045449929
5119015,-0.04942745
5119016,-0.029037765
5119017,-0.009134245
5119018,-0.030860219
5119019,-0.054177889
5119020,-0.030593671
5119021,-0.014677438
5119022,-0.04071195
5119023,-0.037922666
5119024,-0.034767164
5119025,-0.042072386
5119027,0.016498829
5119028,0.024718996
5119029,0.03446756
5119030,-0.020180598
5119102,-0.004566988
5119103,-0.011136011
5119104,-0.004422701
5119105,-0.031750955
5119106,-0.002515892
5119107,0.007716826
5119108,-0.055242005
5119109,0.019230568
5119114,-0.024635727
5119115,-0.074668731
5119117,0.014740072
5119118,0.048770883
5119119,0.044464866
5119120,0.009836168
5119122,5.39E-04
5119123,0.047608612
5119124,-0.041215968
5119125,-0.025679021
5119126,0.005584782
5119128,0.044703218
5119129,-0.026189131
5119130,8.73E-04
5119131,0.040172288
5119132,0.044190206
5119133,0.025866693
5119134,-0.018160526
5119135,0.064809271
5119136,0.041010889
5119137,0.04986613
5119138,0.039717437
5119139,0.043412838
5119140,0.011421347
5119141,0.026959389
5119142,-0.011408441
5119143,0.047705401
5119144,-0.001293889
5119145,0.031573502
5119146,0.009192339
5119147,0.080888152
5119201,0.035566786
5119202,0.035573694
5119203,0.019447852
5119204,-0.017648713
5119205,-0.02669256
5119206,-0.025983911
5119207,0.005757478
5119208,0.024253186
5119209,0.021890825
5119211,0.015983606
5119212,0.058473561
5119213,0.003631044
5119214,0.017034788
5119215,-0.013877491
5119216,0.01054088
5119217,0.055598902
5119218,0.04370764
5119219,0.012664988
5119220,-0.01352536
5119221,-0.007515848
5119222,-3.57E-04
5119223,0.023873177
5119224,0.02225993
5119225,0.039356459
5119226,-0.007146898
5119227,0.001806729
5119228,0.030170142
5119229,0.024569351
5119230,0.019046803
5119301,0.006454457
5119302,-0.005267728
5119303,-0.004129144
5119304,-0.077143718
5119305,-0.014113147
5119306,-0.002866711
5119307,0.042758397
5119308,0.031539062
5119309,0.045988217
5119310,0.073773263
5119311,0.0020547
5119312,0.063392359
5119313,0.038995056
5119314,0.06684907
5119315,0.01596653
5119316,0.030171057
5119317,0.031589509
5119318,0.002351762
5119319,-0.011374308
5119320,0.014840872
5119321,0.045434468
5119322,0.04337511
5119323,-0.009683915
5119324,0.033068171
5119325,-0.002356291
5119326,8.63E-05
5119327,0.049542181
5119328,-0.05515678
